-- phpMyAdmin SQL Dump
-- version 5.0.4
-- https://www.phpmyadmin.net/
--
-- Host: 127.0.0.1
-- Generation Time: Aug 10, 2021 at 02:46 PM
-- Server version: 10.4.17-MariaDB
-- PHP Version: 7.3.26

SET SQL_MODE = "NO_AUTO_VALUE_ON_ZERO";
START TRANSACTION;
SET time_zone = "+00:00";


/*!40101 SET @OLD_CHARACTER_SET_CLIENT=@@CHARACTER_SET_CLIENT */;
/*!40101 SET @OLD_CHARACTER_SET_RESULTS=@@CHARACTER_SET_RESULTS */;
/*!40101 SET @OLD_COLLATION_CONNECTION=@@COLLATION_CONNECTION */;
/*!40101 SET NAMES utf8mb4 */;

--
-- Database: `kids_area`
--

-- --------------------------------------------------------

--
-- Table structure for table `activity_log`
--

CREATE TABLE `activity_log` (
  `id` bigint(20) UNSIGNED NOT NULL,
  `log_name` varchar(191) COLLATE utf8mb4_unicode_ci DEFAULT NULL,
  `description` text COLLATE utf8mb4_unicode_ci DEFAULT NULL,
  `subject_type` varchar(191) COLLATE utf8mb4_unicode_ci DEFAULT NULL,
  `subject_id` bigint(20) UNSIGNED DEFAULT NULL,
  `causer_type` varchar(191) COLLATE utf8mb4_unicode_ci DEFAULT NULL,
  `causer_id` bigint(20) UNSIGNED DEFAULT NULL,
  `properties` longtext CHARACTER SET utf8mb4 COLLATE utf8mb4_bin DEFAULT NULL CHECK (json_valid(`properties`)),
  `created_at` timestamp NULL DEFAULT NULL,
  `updated_at` timestamp NULL DEFAULT NULL
) ENGINE=InnoDB DEFAULT CHARSET=utf8mb4 COLLATE=utf8mb4_unicode_ci;

--
-- Dumping data for table `activity_log`
--

INSERT INTO `activity_log` (`id`, `log_name`, `description`, `subject_type`, `subject_id`, `causer_type`, `causer_id`, `properties`, `created_at`, `updated_at`) VALUES
(1, 'default', ' تم دخول صفحة تعديل حساب admin ', 'App\\Models\\User', 1, 'App\\Models\\User', 1, '[]', '2021-08-08 07:26:05', '2021-08-08 07:26:05'),
(2, 'default', ' تم دخول صفحة تعديل حساب admin ', 'App\\Models\\User', 1, 'App\\Models\\User', 1, '[]', '2021-08-08 07:28:32', '2021-08-08 07:28:32'),
(3, 'default', 'تم دخول صفحة الإعدادات العامة', NULL, NULL, 'App\\Models\\User', 1, '[]', '2021-08-08 08:35:14', '2021-08-08 08:35:14'),
(4, 'default', 'تم تعديل الإعدادات العامة', 'App\\Models\\Setting', 1, 'App\\Models\\User', 1, '[]', '2021-08-08 08:36:00', '2021-08-08 08:36:00'),
(5, 'default', 'تم دخول صفحة كل المستخدمين', NULL, NULL, 'App\\Models\\User', 1, '[]', '2021-08-08 08:36:46', '2021-08-08 08:36:46'),
(6, 'default', 'تم دخول صفحة كل المستخدمين', NULL, NULL, 'App\\Models\\User', 1, '[]', '2021-08-08 08:36:48', '2021-08-08 08:36:48'),
(7, 'default', ' تم تعديل حالة المستخدم admin', 'App\\Models\\User', 1, 'App\\Models\\User', 1, '[]', '2021-08-08 08:36:55', '2021-08-08 08:36:55'),
(8, 'default', 'تم دخول صفحة كل المستخدمين', NULL, NULL, 'App\\Models\\User', 1, '[]', '2021-08-08 08:36:56', '2021-08-08 08:36:56'),
(9, 'default', ' تم دخول  صفحة تعديل المستخدم admin', 'App\\Models\\User', 1, 'App\\Models\\User', 1, '[]', '2021-08-08 08:37:08', '2021-08-08 08:37:08'),
(10, 'default', 'تم دخول صفحة اضافة مستخدم جديد', NULL, NULL, 'App\\Models\\User', 1, '[]', '2021-08-08 08:37:17', '2021-08-08 08:37:17'),
(11, 'default', ' تم حفظ  مستخدم جديد', 'App\\Models\\User', 2, 'App\\Models\\User', 1, '[]', '2021-08-08 08:38:22', '2021-08-08 08:38:22'),
(12, 'default', 'تم دخول صفحة كل المستخدمين', NULL, NULL, 'App\\Models\\User', 1, '[]', '2021-08-08 08:38:24', '2021-08-08 08:38:24'),
(13, 'default', ' تم تعديل حالة المستخدم admin', 'App\\Models\\User', 1, 'App\\Models\\User', 1, '[]', '2021-08-08 08:38:29', '2021-08-08 08:38:29'),
(14, 'default', 'تم دخول صفحة كل المستخدمين', NULL, NULL, 'App\\Models\\User', 1, '[]', '2021-08-08 08:38:30', '2021-08-08 08:38:30'),
(15, 'default', ' تم تعديل حالة المستخدم admin', 'App\\Models\\User', 1, 'App\\Models\\User', 1, '[]', '2021-08-08 08:38:37', '2021-08-08 08:38:37'),
(16, 'default', 'تم دخول صفحة كل المستخدمين', NULL, NULL, 'App\\Models\\User', 1, '[]', '2021-08-08 08:38:38', '2021-08-08 08:38:38'),
(17, 'default', ' تم تعديل حالة المستخدم admin', 'App\\Models\\User', 1, 'App\\Models\\User', 1, '[]', '2021-08-08 08:38:53', '2021-08-08 08:38:53'),
(18, 'default', 'تم دخول صفحة كل المستخدمين', NULL, NULL, 'App\\Models\\User', 1, '[]', '2021-08-08 08:38:54', '2021-08-08 08:38:54'),
(19, 'default', 'تم دخول صفحة كل المستخدمين', NULL, NULL, 'App\\Models\\User', 1, '[]', '2021-08-08 08:39:58', '2021-08-08 08:39:58'),
(20, 'default', ' تم تعديل حالة المستخدم cahier', 'App\\Models\\User', 2, 'App\\Models\\User', 1, '[]', '2021-08-08 08:40:03', '2021-08-08 08:40:03'),
(21, 'default', 'تم دخول صفحة كل المستخدمين', NULL, NULL, 'App\\Models\\User', 1, '[]', '2021-08-08 08:40:03', '2021-08-08 08:40:03'),
(22, 'default', ' تم دخول  صفحة تعديل المستخدم cahier', 'App\\Models\\User', 2, 'App\\Models\\User', 1, '[]', '2021-08-08 08:40:08', '2021-08-08 08:40:08'),
(23, 'default', ' تم حذف  المستخدم cahier', 'App\\Models\\User', 2, 'App\\Models\\User', 1, '[]', '2021-08-08 08:41:49', '2021-08-08 08:41:49'),
(24, 'default', 'تم دخول صفحة كل المستخدمين', NULL, NULL, 'App\\Models\\User', 1, '[]', '2021-08-08 08:41:50', '2021-08-08 08:41:50'),
(25, 'default', 'تم دخول صفحة اضافة مستخدم جديد', NULL, NULL, 'App\\Models\\User', 1, '[]', '2021-08-08 08:41:52', '2021-08-08 08:41:52'),
(26, 'default', ' تم حفظ  مستخدم جديد', 'App\\Models\\User', 3, 'App\\Models\\User', 1, '[]', '2021-08-08 08:42:14', '2021-08-08 08:42:14'),
(27, 'default', 'تم دخول صفحة كل المستخدمين', NULL, NULL, 'App\\Models\\User', 1, '[]', '2021-08-08 08:42:16', '2021-08-08 08:42:16'),
(28, 'default', ' تم تعديل حالة المستخدم cashier', 'App\\Models\\User', 3, 'App\\Models\\User', 1, '[]', '2021-08-08 08:42:24', '2021-08-08 08:42:24'),
(29, 'default', 'تم دخول صفحة كل المستخدمين', NULL, NULL, 'App\\Models\\User', 1, '[]', '2021-08-08 08:42:25', '2021-08-08 08:42:25'),
(30, 'default', ' تم دخول  صفحة تعديل المستخدم cashier', 'App\\Models\\User', 3, 'App\\Models\\User', 1, '[]', '2021-08-08 08:44:41', '2021-08-08 08:44:41'),
(31, 'default', 'تم دخول صفحة اضافة مستخدم جديد', NULL, NULL, 'App\\Models\\User', 1, '[]', '2021-08-08 08:46:57', '2021-08-08 08:46:57'),
(32, 'default', 'تم دخول صفحة كل المستخدمين', NULL, NULL, 'App\\Models\\User', 1, '[]', '2021-08-08 08:47:28', '2021-08-08 08:47:28'),
(33, 'default', 'تم دخول صفحة اضافة مستخدم جديد', NULL, NULL, 'App\\Models\\User', 1, '[]', '2021-08-08 08:48:16', '2021-08-08 08:48:16'),
(34, 'default', 'تم دخول صفحة كل المستخدمين', NULL, NULL, 'App\\Models\\User', 1, '[]', '2021-08-08 08:48:43', '2021-08-08 08:48:43'),
(35, 'default', ' تم حذف  المستخدم الأصول', 'App\\Models\\User', 4, 'App\\Models\\User', 1, '[]', '2021-08-08 08:49:30', '2021-08-08 08:49:30'),
(36, 'default', ' تم حذف  المستخدم cashier', 'App\\Models\\User', 3, 'App\\Models\\User', 1, '[]', '2021-08-08 08:49:30', '2021-08-08 08:49:30'),
(37, 'default', 'تم دخول صفحة كل المستخدمين', NULL, NULL, 'App\\Models\\User', 1, '[]', '2021-08-08 08:49:31', '2021-08-08 08:49:31'),
(38, 'default', ' تم تعديل حالة المستخدم admin', 'App\\Models\\User', 1, 'App\\Models\\User', 1, '[]', '2021-08-08 08:49:35', '2021-08-08 08:49:35'),
(39, 'default', 'تم دخول صفحة كل المستخدمين', NULL, NULL, 'App\\Models\\User', 1, '[]', '2021-08-08 08:49:36', '2021-08-08 08:49:36'),
(40, 'default', ' تم تعديل حالة المستخدم admin', 'App\\Models\\User', 1, 'App\\Models\\User', 1, '[]', '2021-08-08 08:49:40', '2021-08-08 08:49:40'),
(41, 'default', ' تم تعديل حالة المستخدم admin', 'App\\Models\\User', 1, 'App\\Models\\User', 1, '[]', '2021-08-08 08:49:41', '2021-08-08 08:49:41'),
(42, 'default', 'تم دخول صفحة كل المستخدمين', NULL, NULL, 'App\\Models\\User', 1, '[]', '2021-08-08 08:49:41', '2021-08-08 08:49:41'),
(43, 'default', 'تم دخول صفحة كل المستخدمين', NULL, NULL, 'App\\Models\\User', 1, '[]', '2021-08-08 08:49:42', '2021-08-08 08:49:42'),
(44, 'default', ' تم تعديل حالة المستخدم admin', 'App\\Models\\User', 1, 'App\\Models\\User', 1, '[]', '2021-08-08 08:49:45', '2021-08-08 08:49:45'),
(45, 'default', 'تم دخول صفحة كل المستخدمين', NULL, NULL, 'App\\Models\\User', 1, '[]', '2021-08-08 08:49:46', '2021-08-08 08:49:46'),
(46, 'default', 'تم دخول صفحة اضافة مستخدم جديد', NULL, NULL, 'App\\Models\\User', 1, '[]', '2021-08-08 08:49:49', '2021-08-08 08:49:49'),
(47, 'default', ' تم حفظ  مستخدم جديد', 'App\\Models\\User', 5, 'App\\Models\\User', 1, '[]', '2021-08-08 08:50:10', '2021-08-08 08:50:10'),
(48, 'default', 'تم دخول صفحة كل المستخدمين', NULL, NULL, 'App\\Models\\User', 1, '[]', '2021-08-08 08:50:13', '2021-08-08 08:50:13'),
(49, 'default', ' تم دخول  صفحة تعديل المستخدم admin', 'App\\Models\\User', 5, 'App\\Models\\User', 1, '[]', '2021-08-08 08:50:16', '2021-08-08 08:50:16'),
(50, 'default', 'تم دخول صفحة كل المستخدمين', NULL, NULL, 'App\\Models\\User', 1, '[]', '2021-08-08 08:50:45', '2021-08-08 08:50:45'),
(51, 'default', ' تم تعديل حالة المستخدم admin', 'App\\Models\\User', 5, 'App\\Models\\User', 1, '[]', '2021-08-08 08:50:51', '2021-08-08 08:50:51'),
(52, 'default', 'تم دخول صفحة كل المستخدمين', NULL, NULL, 'App\\Models\\User', 1, '[]', '2021-08-08 08:50:51', '2021-08-08 08:50:51'),
(53, 'default', 'تم دخول صفحة كل أنشطة المستخدمين', NULL, NULL, 'App\\Models\\User', 1, '[]', '2021-08-08 08:51:08', '2021-08-08 08:51:08'),
(54, 'default', 'تم دخول صفحة كل أنشطة المستخدمين', NULL, NULL, 'App\\Models\\User', 1, '[]', '2021-08-08 08:51:13', '2021-08-08 08:51:13'),
(55, 'default', 'تم دخول صفحة كل أنشطة المستخدمين', NULL, NULL, 'App\\Models\\User', 1, '[]', '2021-08-08 08:51:18', '2021-08-08 08:51:18'),
(56, 'default', 'تم دخول صفحة كل أنشطة المستخدمين', NULL, NULL, 'App\\Models\\User', 1, '[]', '2021-08-08 08:51:27', '2021-08-08 08:51:27'),
(57, 'default', 'تم عمل بحث فى أنشطة المستخدمين', NULL, NULL, 'App\\Models\\User', 1, '[]', '2021-08-08 08:51:28', '2021-08-08 08:51:28'),
(58, 'default', 'تم دخول صفحة كل القوائم', NULL, NULL, 'App\\Models\\User', 1, '[]', '2021-08-08 08:51:46', '2021-08-08 08:51:46'),
(59, 'default', 'تم دخول صفحة اضافة قائمة جديدة', NULL, NULL, 'App\\Models\\User', 1, '[]', '2021-08-08 08:51:51', '2021-08-08 08:51:51'),
(60, 'default', 'تم دخول صفحة صلاحيات المستخدمين', NULL, NULL, 'App\\Models\\User', 1, '[]', '2021-08-08 08:52:09', '2021-08-08 08:52:09'),
(61, 'default', 'تم دخول صفحة صلاحيات المستخدمين', NULL, NULL, 'App\\Models\\User', 1, '[]', '2021-08-08 08:52:13', '2021-08-08 08:52:13'),
(62, 'default', 'تم دخول صفحة اضافة صلاحيات المستخدمين', NULL, NULL, 'App\\Models\\User', 1, '[]', '2021-08-08 08:56:32', '2021-08-08 08:56:32'),
(63, 'default', 'تم دخول صفحة اضافة صلاحيات المستخدمين', NULL, NULL, 'App\\Models\\User', 1, '[]', '2021-08-08 08:59:18', '2021-08-08 08:59:18'),
(64, 'default', 'تم دخول صفحة اضافة صلاحيات المستخدمين', NULL, NULL, 'App\\Models\\User', 1, '[]', '2021-08-08 08:59:30', '2021-08-08 08:59:30'),
(65, 'default', 'تم دخول صفحة كل القوائم', NULL, NULL, 'App\\Models\\User', 1, '[]', '2021-08-08 09:00:07', '2021-08-08 09:00:07'),
(66, 'default', 'تم إعادة ترتيب القوائم', NULL, NULL, 'App\\Models\\User', 1, '[]', '2021-08-08 09:00:24', '2021-08-08 09:00:24'),
(67, 'default', 'تم دخول صفحة كل القوائم', NULL, NULL, 'App\\Models\\User', 1, '[]', '2021-08-08 09:00:31', '2021-08-08 09:00:31'),
(68, 'default', 'تم دخول صفحة كل القوائم', NULL, NULL, 'App\\Models\\User', 1, '[]', '2021-08-08 09:01:19', '2021-08-08 09:01:19'),
(69, 'default', 'تم دخول صفحة اضافة صلاحيات المستخدمين', NULL, NULL, 'App\\Models\\User', 1, '[]', '2021-08-08 09:01:39', '2021-08-08 09:01:39'),
(70, 'default', ' تم حفظ  صلاحيات  للمستخدم admin ', 'App\\Models\\User', 5, 'App\\Models\\User', 1, '[]', '2021-08-08 09:01:53', '2021-08-08 09:01:53'),
(71, 'default', 'تم دخول صفحة صلاحيات المستخدمين', NULL, NULL, 'App\\Models\\User', 1, '[]', '2021-08-08 09:01:56', '2021-08-08 09:01:56'),
(72, 'default', 'تم دخول صفحة صلاحيات المستخدمين', NULL, NULL, 'App\\Models\\User', 1, '[]', '2021-08-08 09:02:00', '2021-08-08 09:02:00'),
(73, 'default', 'تم دخول صفحة اضافة صلاحيات المستخدمين', NULL, NULL, 'App\\Models\\User', 1, '[]', '2021-08-08 09:02:03', '2021-08-08 09:02:03'),
(74, 'default', ' تم حفظ  صلاحيات  للمستخدم admin ', 'App\\Models\\User', 1, 'App\\Models\\User', 1, '[]', '2021-08-08 09:02:16', '2021-08-08 09:02:16'),
(75, 'default', 'تم دخول صفحة صلاحيات المستخدمين', NULL, NULL, 'App\\Models\\User', 1, '[]', '2021-08-08 09:02:18', '2021-08-08 09:02:18'),
(76, 'default', 'تم دخول صفحة صلاحيات المستخدمين', NULL, NULL, 'App\\Models\\User', 1, '[]', '2021-08-08 09:02:22', '2021-08-08 09:02:22'),
(77, 'default', ' تم دخول صفحة تعديل حساب admin ', 'App\\Models\\User', 1, 'App\\Models\\User', 1, '[]', '2021-08-08 09:20:43', '2021-08-08 09:20:43'),
(78, 'default', ' تم تعديل  المستخدم admin', 'App\\Models\\User', 1, 'App\\Models\\User', 1, '[]', '2021-08-08 09:21:08', '2021-08-08 09:21:08'),
(79, 'default', ' تم دخول صفحة تعديل حساب admins manager ', 'App\\Models\\User', 1, 'App\\Models\\User', 1, '[]', '2021-08-08 09:21:15', '2021-08-08 09:21:15'),
(80, 'default', ' تم تعديل  المستخدم admins manager', 'App\\Models\\User', 1, 'App\\Models\\User', 1, '[]', '2021-08-08 09:21:24', '2021-08-08 09:21:24'),
(81, 'default', ' تم دخول صفحة تعديل حساب admins manager ', 'App\\Models\\User', 1, 'App\\Models\\User', 1, '[]', '2021-08-08 09:22:56', '2021-08-08 09:22:56'),
(82, 'default', 'تم دخول صفحة كل أنشطة المستخدمين', NULL, NULL, 'App\\Models\\User', 1, '[]', '2021-08-08 09:28:42', '2021-08-08 09:28:42'),
(83, 'default', 'تم دخول صفحة كل أنشطة المستخدمين', NULL, NULL, 'App\\Models\\User', 1, '[]', '2021-08-08 09:28:46', '2021-08-08 09:28:46'),
(84, 'default', 'تم دخول صفحة كل التذاكر', NULL, NULL, 'App\\Models\\User', 1, '[]', '2021-08-08 10:22:54', '2021-08-08 10:22:54'),
(85, 'default', 'تم دخول صفحة كل التذاكر', NULL, NULL, 'App\\Models\\User', 1, '[]', '2021-08-08 10:23:55', '2021-08-08 10:23:55'),
(86, 'default', 'تم دخول صفحة كل التذاكر', NULL, NULL, 'App\\Models\\User', 1, '[]', '2021-08-08 10:24:29', '2021-08-08 10:24:29'),
(87, 'default', 'تم دخول صفحة كل التذاكر', NULL, NULL, 'App\\Models\\User', 1, '[]', '2021-08-08 10:24:34', '2021-08-08 10:24:34'),
(88, 'default', 'تم دخول صفحة اضافة تذكرة جديدة', NULL, NULL, 'App\\Models\\User', 1, '[]', '2021-08-08 10:24:37', '2021-08-08 10:24:37'),
(89, 'default', 'تم دخول صفحة كل التذاكر', NULL, NULL, 'App\\Models\\User', 1, '[]', '2021-08-08 10:25:00', '2021-08-08 10:25:00'),
(90, 'default', 'تم دخول صفحة كل التذاكر', NULL, NULL, 'App\\Models\\User', 1, '[]', '2021-08-08 10:25:05', '2021-08-08 10:25:05'),
(91, 'default', 'تم دخول صفحة اضافة تذكرة جديدة', NULL, NULL, 'App\\Models\\User', 1, '[]', '2021-08-08 10:25:09', '2021-08-08 10:25:09'),
(92, 'default', 'تم دخول صفحة اضافة تذكرة جديدة', NULL, NULL, 'App\\Models\\User', 1, '[]', '2021-08-08 10:26:28', '2021-08-08 10:26:28'),
(93, 'default', ' تم حفظ  تذكرة جديدة', 'App\\Models\\Ticket', 1, 'App\\Models\\User', 1, '[]', '2021-08-08 10:26:38', '2021-08-08 10:26:38'),
(94, 'default', 'تم دخول صفحة كل التذاكر', NULL, NULL, 'App\\Models\\User', 1, '[]', '2021-08-08 10:26:40', '2021-08-08 10:26:40'),
(95, 'default', ' تم تعديل حالة التذكرة 1', 'App\\Models\\Ticket', 1, 'App\\Models\\User', 1, '[]', '2021-08-08 10:26:44', '2021-08-08 10:26:44'),
(96, 'default', 'تم دخول صفحة كل التذاكر', NULL, NULL, 'App\\Models\\User', 1, '[]', '2021-08-08 10:26:45', '2021-08-08 10:26:45'),
(97, 'default', 'تم دخول صفحة تعديل التذكرة رقم 1', NULL, NULL, 'App\\Models\\User', 1, '[]', '2021-08-08 10:26:52', '2021-08-08 10:26:52'),
(98, 'default', 'تم دخول صفحة تعديل التذكرة رقم 1', NULL, NULL, 'App\\Models\\User', 1, '[]', '2021-08-08 10:27:03', '2021-08-08 10:27:03'),
(99, 'default', 'تم دخول صفحة تعديل التذكرة رقم 1', NULL, NULL, 'App\\Models\\User', 1, '[]', '2021-08-08 10:27:31', '2021-08-08 10:27:31'),
(100, 'default', 'تم دخول صفحة تعديل التذكرة رقم 1', NULL, NULL, 'App\\Models\\User', 1, '[]', '2021-08-08 10:30:16', '2021-08-08 10:30:16'),
(101, 'default', ' 1 تم تعديل  تذكرة رقم ', 'App\\Models\\Ticket', 1, 'App\\Models\\User', 1, '[]', '2021-08-08 10:30:21', '2021-08-08 10:30:21'),
(102, 'default', 'تم دخول صفحة كل التذاكر', NULL, NULL, 'App\\Models\\User', 1, '[]', '2021-08-08 10:30:24', '2021-08-08 10:30:24'),
(103, 'default', 'تم دخول صفحة تعديل التذكرة رقم 1', NULL, NULL, 'App\\Models\\User', 1, '[]', '2021-08-08 10:30:53', '2021-08-08 10:30:53'),
(104, 'default', ' 1 تم تعديل  تذكرة رقم ', 'App\\Models\\Ticket', 1, 'App\\Models\\User', 1, '[]', '2021-08-08 10:31:11', '2021-08-08 10:31:11'),
(105, 'default', 'تم دخول صفحة كل التذاكر', NULL, NULL, 'App\\Models\\User', 1, '[]', '2021-08-08 10:31:14', '2021-08-08 10:31:14'),
(106, 'default', ' تم حذف  التذكرة 1', 'App\\Models\\Ticket', 1, 'App\\Models\\User', 1, '[]', '2021-08-08 10:31:22', '2021-08-08 10:31:22'),
(107, 'default', 'تم دخول صفحة كل التذاكر', NULL, NULL, 'App\\Models\\User', 1, '[]', '2021-08-08 10:31:23', '2021-08-08 10:31:23'),
(108, 'default', 'تم دخول صفحة كل التذاكر', NULL, NULL, 'App\\Models\\User', 1, '[]', '2021-08-08 10:31:38', '2021-08-08 10:31:38'),
(109, 'default', 'تم دخول صفحة كل التذاكر', NULL, NULL, 'App\\Models\\User', 1, '[]', '2021-08-08 10:31:40', '2021-08-08 10:31:40'),
(110, 'default', 'تم دخول صفحة كل التذاكر', NULL, NULL, 'App\\Models\\User', 1, '[]', '2021-08-08 10:44:09', '2021-08-08 10:44:09'),
(111, 'default', 'تم دخول صفحة كل التذاكر', NULL, NULL, 'App\\Models\\User', 1, '[]', '2021-08-08 10:44:09', '2021-08-08 10:44:09'),
(112, 'default', 'تم دخول صفحة كل  الإضافة', NULL, NULL, 'App\\Models\\User', 1, '[]', '2021-08-08 10:53:23', '2021-08-08 10:53:23'),
(113, 'default', 'تم دخول صفحة كل  الإضافة', NULL, NULL, 'App\\Models\\User', 1, '[]', '2021-08-08 10:53:45', '2021-08-08 10:53:45'),
(114, 'default', 'تم دخول صفحة كل  الإضافة', NULL, NULL, 'App\\Models\\User', 1, '[]', '2021-08-08 10:53:47', '2021-08-08 10:53:47'),
(115, 'default', 'تم دخول صفحة اضافة إضافة جديدة', NULL, NULL, 'App\\Models\\User', 1, '[]', '2021-08-08 10:53:49', '2021-08-08 10:53:49'),
(116, 'default', ' تم حفظ  إضافة جديدة', 'App\\Models\\AddOn', 1, 'App\\Models\\User', 1, '[]', '2021-08-08 10:53:58', '2021-08-08 10:53:58'),
(117, 'default', 'تم دخول صفحة كل  الإضافة', NULL, NULL, 'App\\Models\\User', 1, '[]', '2021-08-08 10:54:01', '2021-08-08 10:54:01'),
(118, 'default', 'تم دخول صفحة كل  الإضافة', NULL, NULL, 'App\\Models\\User', 1, '[]', '2021-08-08 10:54:23', '2021-08-08 10:54:23'),
(119, 'default', 'تم دخول صفحة كل  الإضافة', NULL, NULL, 'App\\Models\\User', 1, '[]', '2021-08-08 10:54:26', '2021-08-08 10:54:26'),
(120, 'default', 'تم دخول صفحة كل  الإضافة', NULL, NULL, 'App\\Models\\User', 1, '[]', '2021-08-08 10:54:28', '2021-08-08 10:54:28'),
(121, 'default', ' تم تعديل حالة الإضافة 1', 'App\\Models\\AddOn', 1, 'App\\Models\\User', 1, '[]', '2021-08-08 10:54:32', '2021-08-08 10:54:32'),
(122, 'default', 'تم دخول صفحة كل  الإضافة', NULL, NULL, 'App\\Models\\User', 1, '[]', '2021-08-08 10:54:32', '2021-08-08 10:54:32'),
(123, 'default', 'تم دخول صفحة تعديل الإضافة رقم 1', NULL, NULL, 'App\\Models\\User', 1, '[]', '2021-08-08 10:54:35', '2021-08-08 10:54:35'),
(124, 'default', ' 1 تم تعديل  إضافة رقم ', 'App\\Models\\AddOn', 1, 'App\\Models\\User', 1, '[]', '2021-08-08 10:55:35', '2021-08-08 10:55:35'),
(125, 'default', 'تم دخول صفحة كل  الإضافة', NULL, NULL, 'App\\Models\\User', 1, '[]', '2021-08-08 10:55:38', '2021-08-08 10:55:38'),
(126, 'default', 'تم دخول صفحة تعديل الإضافة رقم 1', NULL, NULL, 'App\\Models\\User', 1, '[]', '2021-08-08 10:55:41', '2021-08-08 10:55:41'),
(127, 'default', ' تم حذف  الإضافة 1', 'App\\Models\\AddOn', 1, 'App\\Models\\User', 1, '[]', '2021-08-08 10:55:47', '2021-08-08 10:55:47'),
(128, 'default', 'تم دخول صفحة كل  الإضافة', NULL, NULL, 'App\\Models\\User', 1, '[]', '2021-08-08 10:55:48', '2021-08-08 10:55:48'),
(129, 'default', 'تم دخول صفحة كل العملاء ', NULL, NULL, 'App\\Models\\User', 1, '[]', '2021-08-08 11:20:13', '2021-08-08 11:20:13'),
(130, 'default', 'تم دخول صفحة كل العملاء ', NULL, NULL, 'App\\Models\\User', 1, '[]', '2021-08-08 11:20:41', '2021-08-08 11:20:41'),
(131, 'default', 'تم دخول صفحة كل العملاء ', NULL, NULL, 'App\\Models\\User', 1, '[]', '2021-08-08 11:20:43', '2021-08-08 11:20:43'),
(132, 'default', 'تم دخول صفحة كل العملاء ', NULL, NULL, 'App\\Models\\User', 1, '[]', '2021-08-08 11:20:48', '2021-08-08 11:20:48'),
(133, 'default', 'تم دخول صفحة كل العملاء ', NULL, NULL, 'App\\Models\\User', 1, '[]', '2021-08-08 11:20:50', '2021-08-08 11:20:50'),
(134, 'default', 'تم دخول صفحة كل العملاء ', NULL, NULL, 'App\\Models\\User', 1, '[]', '2021-08-08 11:21:02', '2021-08-08 11:21:02'),
(135, 'default', 'تم دخول صفحة كل العملاء ', NULL, NULL, 'App\\Models\\User', 1, '[]', '2021-08-08 11:21:07', '2021-08-08 11:21:07'),
(136, 'default', 'تم دخول صفحة كل العملاء ', NULL, NULL, 'App\\Models\\User', 1, '[]', '2021-08-08 11:21:45', '2021-08-08 11:21:45'),
(137, 'default', 'تم دخول صفحة كل العملاء ', NULL, NULL, 'App\\Models\\User', 1, '[]', '2021-08-08 11:21:49', '2021-08-08 11:21:49'),
(138, 'default', 'تم دخول صفحة اضافة عميل جديد', NULL, NULL, 'App\\Models\\User', 1, '[]', '2021-08-08 11:21:51', '2021-08-08 11:21:51'),
(139, 'default', 'تم دخول صفحة اضافة عميل جديد', NULL, NULL, 'App\\Models\\User', 1, '[]', '2021-08-08 11:24:45', '2021-08-08 11:24:45'),
(140, 'default', 'تم دخول صفحة كل العملاء ', NULL, NULL, 'App\\Models\\User', 1, '[]', '2021-08-08 11:24:47', '2021-08-08 11:24:47'),
(141, 'default', 'تم دخول صفحة كل العملاء ', NULL, NULL, 'App\\Models\\User', 1, '[]', '2021-08-08 11:24:52', '2021-08-08 11:24:52'),
(142, 'default', 'تم دخول صفحة اضافة عميل جديد', NULL, NULL, 'App\\Models\\User', 1, '[]', '2021-08-08 11:24:53', '2021-08-08 11:24:53'),
(143, 'default', ' تم حفظ  بيانات عميل جديد', 'App\\Models\\Customer', 1, 'App\\Models\\User', 1, '[]', '2021-08-08 11:25:26', '2021-08-08 11:25:26'),
(144, 'default', 'تم دخول صفحة كل العملاء ', NULL, NULL, 'App\\Models\\User', 1, '[]', '2021-08-08 11:25:29', '2021-08-08 11:25:29'),
(145, 'default', ' تم دخول  صفحة تعديل عميل tw', 'App\\Models\\Customer', 1, 'App\\Models\\User', 1, '[]', '2021-08-08 11:25:32', '2021-08-08 11:25:32'),
(146, 'default', ' تم دخول  صفحة تعديل عميل tw', 'App\\Models\\Customer', 1, 'App\\Models\\User', 1, '[]', '2021-08-08 11:26:49', '2021-08-08 11:26:49'),
(147, 'default', ' تم دخول  صفحة تعديل عميل tw', 'App\\Models\\Customer', 1, 'App\\Models\\User', 1, '[]', '2021-08-08 11:28:22', '2021-08-08 11:28:22'),
(148, 'default', ' تم دخول  صفحة تعديل عميل tw', 'App\\Models\\Customer', 1, 'App\\Models\\User', 1, '[]', '2021-08-08 12:02:33', '2021-08-08 12:02:33'),
(149, 'default', ' تم دخول  صفحة تعديل عميل tw', 'App\\Models\\Customer', 1, 'App\\Models\\User', 1, '[]', '2021-08-08 12:03:58', '2021-08-08 12:03:58'),
(150, 'default', ' تم دخول  صفحة تعديل عميل tw', 'App\\Models\\Customer', 1, 'App\\Models\\User', 1, '[]', '2021-08-08 12:05:37', '2021-08-08 12:05:37'),
(151, 'default', ' تم دخول  صفحة تعديل عميل tw', 'App\\Models\\Customer', 1, 'App\\Models\\User', 1, '[]', '2021-08-08 12:18:17', '2021-08-08 12:18:17'),
(152, 'default', ' تم تعديل  العميل  tw', 'App\\Models\\Customer', 1, 'App\\Models\\User', 1, '[]', '2021-08-08 12:18:31', '2021-08-08 12:18:31'),
(153, 'default', ' تم تعديل  العميل  tw', 'App\\Models\\Customer', 1, 'App\\Models\\User', 1, '[]', '2021-08-08 12:20:57', '2021-08-08 12:20:57'),
(154, 'default', 'تم دخول صفحة كل العملاء ', NULL, NULL, 'App\\Models\\User', 1, '[]', '2021-08-08 12:21:00', '2021-08-08 12:21:00'),
(155, 'default', ' تم دخول  صفحة تعديل عميل tw', 'App\\Models\\Customer', 1, 'App\\Models\\User', 1, '[]', '2021-08-08 12:21:02', '2021-08-08 12:21:02'),
(156, 'default', ' تم تعديل  العميل  tw', 'App\\Models\\Customer', 1, 'App\\Models\\User', 1, '[]', '2021-08-08 12:21:21', '2021-08-08 12:21:21'),
(157, 'default', 'تم دخول صفحة كل العملاء ', NULL, NULL, 'App\\Models\\User', 1, '[]', '2021-08-08 12:21:24', '2021-08-08 12:21:24'),
(158, 'default', 'تم دخول صفحة كل العملاء ', NULL, NULL, 'App\\Models\\User', 1, '[]', '2021-08-08 12:22:29', '2021-08-08 12:22:29'),
(159, 'default', ' تم حذف  العميل tw', 'App\\Models\\Customer', 1, 'App\\Models\\User', 1, '[]', '2021-08-08 12:25:13', '2021-08-08 12:25:13'),
(160, 'default', 'تم دخول صفحة كل العملاء ', NULL, NULL, 'App\\Models\\User', 1, '[]', '2021-08-08 12:25:13', '2021-08-08 12:25:13'),
(161, 'default', 'تم دخول صفحة كل العملاء ', NULL, NULL, 'App\\Models\\User', 1, '[]', '2021-08-08 12:25:19', '2021-08-08 12:25:19'),
(162, 'default', 'تم دخول صفحة كل العملاء ', NULL, NULL, 'App\\Models\\User', 1, '[]', '2021-08-08 12:25:21', '2021-08-08 12:25:21'),
(163, 'default', 'تم دخول صفحة اضافة عميل جديد', NULL, NULL, 'App\\Models\\User', 1, '[]', '2021-08-08 12:25:31', '2021-08-08 12:25:31'),
(164, 'default', ' تم حفظ  بيانات عميل جديد', 'App\\Models\\Customer', 14, 'App\\Models\\User', 1, '[]', '2021-08-08 12:26:02', '2021-08-08 12:26:02'),
(165, 'default', 'تم دخول صفحة كل العملاء ', NULL, NULL, 'App\\Models\\User', 1, '[]', '2021-08-08 12:26:05', '2021-08-08 12:26:05'),
(166, 'default', ' تم حذف العميل testings', 'App\\Models\\Customer', 14, 'App\\Models\\User', 1, '[]', '2021-08-08 12:26:13', '2021-08-08 12:26:13'),
(167, 'default', 'تم دخول صفحة كل العملاء ', NULL, NULL, 'App\\Models\\User', 1, '[]', '2021-08-08 12:26:14', '2021-08-08 12:26:14'),
(168, 'default', ' تم دخول صفحة تعديل حساب admins manager ', 'App\\Models\\User', 1, 'App\\Models\\User', 1, '[]', '2021-08-08 12:28:28', '2021-08-08 12:28:28'),
(169, 'default', 'تم دخول صفحة الإعدادات العامة', NULL, NULL, 'App\\Models\\User', 1, '[]', '2021-08-08 12:29:48', '2021-08-08 12:29:48'),
(170, 'default', 'تم دخول صفحة كل القوائم', NULL, NULL, 'App\\Models\\User', 1, '[]', '2021-08-08 12:30:49', '2021-08-08 12:30:49'),
(171, 'default', ' تم دخول صفحة تعديل حساب admins manager ', 'App\\Models\\User', 1, 'App\\Models\\User', 1, '[]', '2021-08-08 12:46:55', '2021-08-08 12:46:55'),
(172, 'default', ' تم تعديل  المستخدم admins manager', 'App\\Models\\User', 1, 'App\\Models\\User', 1, '[]', '2021-08-08 12:47:04', '2021-08-08 12:47:04'),
(173, 'default', 'تم دخول صفحة كل العملاء ', NULL, NULL, 'App\\Models\\User', 1, '[]', '2021-08-09 05:15:04', '2021-08-09 05:15:04'),
(174, 'default', 'تم دخول صفحة كل العملاء ', NULL, NULL, 'App\\Models\\User', 1, '[]', '2021-08-09 05:15:06', '2021-08-09 05:15:06'),
(175, 'default', 'تم دخول صفحة اضافة عميل جديد', NULL, NULL, 'App\\Models\\User', 1, '[]', '2021-08-09 05:15:09', '2021-08-09 05:15:09'),
(176, 'default', ' تم حفظ  بيانات عميل جديد', 'App\\Models\\Customer', 17, 'App\\Models\\User', 1, '[]', '2021-08-09 05:16:35', '2021-08-09 05:16:35'),
(177, 'default', 'تم دخول صفحة كل العملاء ', NULL, NULL, 'App\\Models\\User', 1, '[]', '2021-08-09 05:16:37', '2021-08-09 05:16:37'),
(178, 'default', ' تم دخول  صفحة تعديل عميل محمد أحمد الجندى', 'App\\Models\\Customer', 17, 'App\\Models\\User', 1, '[]', '2021-08-09 05:16:40', '2021-08-09 05:16:40'),
(179, 'default', 'تم دخول صفحة الكاشير', NULL, NULL, 'App\\Models\\User', 1, '[]', '2021-08-09 05:36:38', '2021-08-09 05:36:38'),
(180, 'default', 'تم دخول صفحة الكاشير', NULL, NULL, 'App\\Models\\User', 1, '[]', '2021-08-09 06:20:36', '2021-08-09 06:20:36'),
(181, 'default', 'تم دخول صفحة الكاشير', NULL, NULL, 'App\\Models\\User', 1, '[]', '2021-08-09 06:21:07', '2021-08-09 06:21:07'),
(182, 'default', 'تم دخول صفحة الكاشير', NULL, NULL, 'App\\Models\\User', 1, '[]', '2021-08-09 06:22:31', '2021-08-09 06:22:31'),
(183, 'default', 'تم دخول صفحة الكاشير', NULL, NULL, 'App\\Models\\User', 1, '[]', '2021-08-09 06:23:15', '2021-08-09 06:23:15'),
(184, 'default', 'تم دخول صفحة كل التذاكر', NULL, NULL, 'App\\Models\\User', 1, '[]', '2021-08-09 06:26:11', '2021-08-09 06:26:11'),
(185, 'default', 'تم دخول صفحة كل التذاكر', NULL, NULL, 'App\\Models\\User', 1, '[]', '2021-08-09 06:26:14', '2021-08-09 06:26:14'),
(186, 'default', 'تم دخول صفحة اضافة تذكرة جديدة', NULL, NULL, 'App\\Models\\User', 1, '[]', '2021-08-09 06:26:15', '2021-08-09 06:26:15'),
(187, 'default', ' تم حفظ  تذكرة جديدة', 'App\\Models\\Ticket', 2, 'App\\Models\\User', 1, '[]', '2021-08-09 06:26:27', '2021-08-09 06:26:27'),
(188, 'default', 'تم دخول صفحة كل التذاكر', NULL, NULL, 'App\\Models\\User', 1, '[]', '2021-08-09 06:26:30', '2021-08-09 06:26:30'),
(189, 'default', 'تم دخول صفحة اضافة تذكرة جديدة', NULL, NULL, 'App\\Models\\User', 1, '[]', '2021-08-09 06:26:32', '2021-08-09 06:26:32'),
(190, 'default', ' تم حفظ  تذكرة جديدة', 'App\\Models\\Ticket', 3, 'App\\Models\\User', 1, '[]', '2021-08-09 06:26:42', '2021-08-09 06:26:42'),
(191, 'default', 'تم دخول صفحة كل التذاكر', NULL, NULL, 'App\\Models\\User', 1, '[]', '2021-08-09 06:26:44', '2021-08-09 06:26:44'),
(192, 'default', 'تم دخول صفحة اضافة تذكرة جديدة', NULL, NULL, 'App\\Models\\User', 1, '[]', '2021-08-09 06:26:46', '2021-08-09 06:26:46'),
(193, 'default', ' تم حفظ  تذكرة جديدة', 'App\\Models\\Ticket', 4, 'App\\Models\\User', 1, '[]', '2021-08-09 06:26:58', '2021-08-09 06:26:58'),
(194, 'default', 'تم دخول صفحة كل التذاكر', NULL, NULL, 'App\\Models\\User', 1, '[]', '2021-08-09 06:27:01', '2021-08-09 06:27:01'),
(195, 'default', 'تم دخول صفحة اضافة تذكرة جديدة', NULL, NULL, 'App\\Models\\User', 1, '[]', '2021-08-09 06:27:02', '2021-08-09 06:27:02'),
(196, 'default', ' تم حفظ  تذكرة جديدة', 'App\\Models\\Ticket', 5, 'App\\Models\\User', 1, '[]', '2021-08-09 06:27:22', '2021-08-09 06:27:22'),
(197, 'default', 'تم دخول صفحة كل التذاكر', NULL, NULL, 'App\\Models\\User', 1, '[]', '2021-08-09 06:27:25', '2021-08-09 06:27:25'),
(198, 'default', 'تم دخول صفحة كل  الإضافة', NULL, NULL, 'App\\Models\\User', 1, '[]', '2021-08-09 06:27:35', '2021-08-09 06:27:35'),
(199, 'default', 'تم دخول صفحة كل  الإضافة', NULL, NULL, 'App\\Models\\User', 1, '[]', '2021-08-09 06:27:37', '2021-08-09 06:27:37'),
(200, 'default', 'تم دخول صفحة اضافة إضافة جديدة', NULL, NULL, 'App\\Models\\User', 1, '[]', '2021-08-09 06:27:39', '2021-08-09 06:27:39'),
(201, 'default', ' تم حفظ  إضافة جديدة', 'App\\Models\\AddOn', 2, 'App\\Models\\User', 1, '[]', '2021-08-09 06:27:54', '2021-08-09 06:27:54'),
(202, 'default', 'تم دخول صفحة كل  الإضافة', NULL, NULL, 'App\\Models\\User', 1, '[]', '2021-08-09 06:27:57', '2021-08-09 06:27:57'),
(203, 'default', 'تم دخول صفحة اضافة إضافة جديدة', NULL, NULL, 'App\\Models\\User', 1, '[]', '2021-08-09 06:27:59', '2021-08-09 06:27:59'),
(204, 'default', ' تم حفظ  إضافة جديدة', 'App\\Models\\AddOn', 3, 'App\\Models\\User', 1, '[]', '2021-08-09 06:28:17', '2021-08-09 06:28:17'),
(205, 'default', 'تم دخول صفحة كل  الإضافة', NULL, NULL, 'App\\Models\\User', 1, '[]', '2021-08-09 06:28:20', '2021-08-09 06:28:20'),
(206, 'default', 'تم دخول صفحة اضافة إضافة جديدة', NULL, NULL, 'App\\Models\\User', 1, '[]', '2021-08-09 06:28:22', '2021-08-09 06:28:22'),
(207, 'default', ' تم حفظ  إضافة جديدة', 'App\\Models\\AddOn', 4, 'App\\Models\\User', 1, '[]', '2021-08-09 06:28:33', '2021-08-09 06:28:33'),
(208, 'default', 'تم دخول صفحة كل  الإضافة', NULL, NULL, 'App\\Models\\User', 1, '[]', '2021-08-09 06:28:36', '2021-08-09 06:28:36'),
(209, 'default', 'تم دخول صفحة الكاشير', NULL, NULL, 'App\\Models\\User', 1, '[]', '2021-08-09 06:28:41', '2021-08-09 06:28:41'),
(210, 'default', 'تم دخول صفحة الكاشير', NULL, NULL, 'App\\Models\\User', 1, '[]', '2021-08-09 06:29:26', '2021-08-09 06:29:26'),
(211, 'default', 'تم دخول صفحة الكاشير', NULL, NULL, 'App\\Models\\User', 1, '[]', '2021-08-09 06:30:29', '2021-08-09 06:30:29'),
(212, 'default', 'تم دخول صفحة الكاشير', NULL, NULL, 'App\\Models\\User', 1, '[]', '2021-08-09 06:31:16', '2021-08-09 06:31:16'),
(213, 'default', 'تم دخول صفحة الكاشير', NULL, NULL, 'App\\Models\\User', 1, '[]', '2021-08-09 06:32:55', '2021-08-09 06:32:55'),
(214, 'default', 'تم دخول صفحة الكاشير', NULL, NULL, 'App\\Models\\User', 1, '[]', '2021-08-09 07:02:43', '2021-08-09 07:02:43'),
(215, 'default', 'تم دخول صفحة الكاشير', NULL, NULL, 'App\\Models\\User', 1, '[]', '2021-08-09 07:03:17', '2021-08-09 07:03:17'),
(216, 'default', 'تم دخول صفحة الكاشير', NULL, NULL, 'App\\Models\\User', 1, '[]', '2021-08-09 07:03:46', '2021-08-09 07:03:46'),
(217, 'default', 'تم دخول صفحة الكاشير', NULL, NULL, 'App\\Models\\User', 1, '[]', '2021-08-09 07:12:32', '2021-08-09 07:12:32'),
(218, 'default', 'تم دخول صفحة الكاشير', NULL, NULL, 'App\\Models\\User', 1, '[]', '2021-08-09 07:17:56', '2021-08-09 07:17:56'),
(219, 'default', 'تم دخول صفحة الكاشير', NULL, NULL, 'App\\Models\\User', 1, '[]', '2021-08-09 07:23:22', '2021-08-09 07:23:22'),
(220, 'default', 'تم دخول صفحة الكاشير', NULL, NULL, 'App\\Models\\User', 1, '[]', '2021-08-09 07:25:41', '2021-08-09 07:25:41'),
(221, 'default', 'تم دخول صفحة الكاشير', NULL, NULL, 'App\\Models\\User', 1, '[]', '2021-08-09 07:26:35', '2021-08-09 07:26:35'),
(222, 'default', 'تم دخول صفحة الكاشير', NULL, NULL, 'App\\Models\\User', 1, '[]', '2021-08-09 07:27:01', '2021-08-09 07:27:01'),
(223, 'default', 'تم دخول صفحة الكاشير', NULL, NULL, 'App\\Models\\User', 1, '[]', '2021-08-09 07:27:17', '2021-08-09 07:27:17'),
(224, 'default', 'تم دخول صفحة الكاشير', NULL, NULL, 'App\\Models\\User', 1, '[]', '2021-08-09 07:27:28', '2021-08-09 07:27:28'),
(225, 'default', 'تم دخول صفحة الكاشير', NULL, NULL, 'App\\Models\\User', 1, '[]', '2021-08-09 07:28:43', '2021-08-09 07:28:43'),
(226, 'default', 'تم دخول صفحة الكاشير', NULL, NULL, 'App\\Models\\User', 1, '[]', '2021-08-09 07:29:29', '2021-08-09 07:29:29'),
(227, 'default', 'تم دخول صفحة الكاشير', NULL, NULL, 'App\\Models\\User', 1, '[]', '2021-08-09 07:32:30', '2021-08-09 07:32:30'),
(228, 'default', 'تم دخول صفحة الكاشير', NULL, NULL, 'App\\Models\\User', 1, '[]', '2021-08-09 07:38:33', '2021-08-09 07:38:33'),
(229, 'default', 'تم دخول صفحة الكاشير', NULL, NULL, 'App\\Models\\User', 1, '[]', '2021-08-09 07:40:03', '2021-08-09 07:40:03'),
(230, 'default', 'تم دخول صفحة الكاشير', NULL, NULL, 'App\\Models\\User', 1, '[]', '2021-08-09 07:41:39', '2021-08-09 07:41:39'),
(231, 'default', 'تم دخول صفحة الكاشير', NULL, NULL, 'App\\Models\\User', 1, '[]', '2021-08-09 07:44:13', '2021-08-09 07:44:13'),
(232, 'default', 'تم دخول صفحة الكاشير', NULL, NULL, 'App\\Models\\User', 1, '[]', '2021-08-09 07:45:49', '2021-08-09 07:45:49'),
(233, 'default', 'تم دخول صفحة الكاشير', NULL, NULL, 'App\\Models\\User', 1, '[]', '2021-08-09 07:46:12', '2021-08-09 07:46:12'),
(234, 'default', 'تم دخول صفحة الكاشير', NULL, NULL, 'App\\Models\\User', 1, '[]', '2021-08-09 07:47:22', '2021-08-09 07:47:22'),
(235, 'default', 'تم دخول صفحة الكاشير', NULL, NULL, 'App\\Models\\User', 1, '[]', '2021-08-09 07:52:49', '2021-08-09 07:52:49'),
(236, 'default', 'تم دخول صفحة الكاشير', NULL, NULL, 'App\\Models\\User', 1, '[]', '2021-08-09 07:53:38', '2021-08-09 07:53:38'),
(237, 'default', 'تم دخول صفحة الكاشير', NULL, NULL, 'App\\Models\\User', 1, '[]', '2021-08-09 07:56:11', '2021-08-09 07:56:11'),
(238, 'default', 'تم دخول صفحة الكاشير', NULL, NULL, 'App\\Models\\User', 1, '[]', '2021-08-09 07:57:40', '2021-08-09 07:57:40'),
(239, 'default', 'تم دخول صفحة الكاشير', NULL, NULL, 'App\\Models\\User', 1, '[]', '2021-08-09 07:58:56', '2021-08-09 07:58:56'),
(240, 'default', 'تم دخول صفحة الكاشير', NULL, NULL, 'App\\Models\\User', 1, '[]', '2021-08-09 08:37:34', '2021-08-09 08:37:34'),
(241, 'default', 'تم دخول صفحة الكاشير', NULL, NULL, 'App\\Models\\User', 1, '[]', '2021-08-09 08:43:57', '2021-08-09 08:43:57'),
(242, 'default', 'تم دخول صفحة الكاشير', NULL, NULL, 'App\\Models\\User', 1, '[]', '2021-08-09 08:47:10', '2021-08-09 08:47:10'),
(243, 'default', 'تم دخول صفحة الكاشير', NULL, NULL, 'App\\Models\\User', 1, '[]', '2021-08-09 08:49:44', '2021-08-09 08:49:44'),
(244, 'default', 'تم دخول صفحة الكاشير', NULL, NULL, 'App\\Models\\User', 1, '[]', '2021-08-09 08:50:52', '2021-08-09 08:50:52'),
(245, 'default', 'تم دخول صفحة الكاشير', NULL, NULL, 'App\\Models\\User', 1, '[]', '2021-08-09 08:55:27', '2021-08-09 08:55:27'),
(246, 'default', 'تم دخول صفحة الكاشير', NULL, NULL, 'App\\Models\\User', 1, '[]', '2021-08-09 08:59:08', '2021-08-09 08:59:08'),
(247, 'default', 'تم دخول صفحة الكاشير', NULL, NULL, 'App\\Models\\User', 1, '[]', '2021-08-09 09:02:37', '2021-08-09 09:02:37'),
(248, 'default', 'تم دخول صفحة الكاشير', NULL, NULL, 'App\\Models\\User', 1, '[]', '2021-08-09 09:04:17', '2021-08-09 09:04:17'),
(249, 'default', 'تم دخول صفحة الكاشير', NULL, NULL, 'App\\Models\\User', 1, '[]', '2021-08-09 09:05:50', '2021-08-09 09:05:50'),
(250, 'default', 'تم دخول صفحة الكاشير', NULL, NULL, 'App\\Models\\User', 1, '[]', '2021-08-09 09:13:40', '2021-08-09 09:13:40'),
(251, 'default', 'تم دخول صفحة الكاشير', NULL, NULL, 'App\\Models\\User', 1, '[]', '2021-08-09 09:14:02', '2021-08-09 09:14:02'),
(252, 'default', 'تم دخول صفحة الكاشير', NULL, NULL, 'App\\Models\\User', 1, '[]', '2021-08-09 09:14:34', '2021-08-09 09:14:34'),
(253, 'default', 'تم دخول صفحة الكاشير', NULL, NULL, 'App\\Models\\User', 1, '[]', '2021-08-09 09:15:48', '2021-08-09 09:15:48'),
(254, 'default', 'تم دخول صفحة الكاشير', NULL, NULL, 'App\\Models\\User', 1, '[]', '2021-08-09 09:17:53', '2021-08-09 09:17:53'),
(255, 'default', 'تم دخول صفحة الكاشير', NULL, NULL, 'App\\Models\\User', 1, '[]', '2021-08-09 09:23:02', '2021-08-09 09:23:02'),
(256, 'default', 'تم دخول صفحة الكاشير', NULL, NULL, 'App\\Models\\User', 1, '[]', '2021-08-09 09:23:33', '2021-08-09 09:23:33'),
(257, 'default', 'تم دخول صفحة الكاشير', NULL, NULL, 'App\\Models\\User', 1, '[]', '2021-08-09 09:24:48', '2021-08-09 09:24:48'),
(258, 'default', 'تم دخول صفحة الكاشير', NULL, NULL, 'App\\Models\\User', 1, '[]', '2021-08-09 09:27:20', '2021-08-09 09:27:20'),
(259, 'default', 'تم دخول صفحة الكاشير', NULL, NULL, 'App\\Models\\User', 1, '[]', '2021-08-09 09:27:31', '2021-08-09 09:27:31'),
(260, 'default', 'تم دخول صفحة الكاشير', NULL, NULL, 'App\\Models\\User', 1, '[]', '2021-08-09 09:28:33', '2021-08-09 09:28:33'),
(261, 'default', 'تم دخول صفحة الكاشير', NULL, NULL, 'App\\Models\\User', 1, '[]', '2021-08-09 10:10:16', '2021-08-09 10:10:16'),
(262, 'default', 'تم دخول صفحة الكاشير', NULL, NULL, 'App\\Models\\User', 1, '[]', '2021-08-09 10:11:19', '2021-08-09 10:11:19'),
(263, 'default', 'تم دخول صفحة الكاشير', NULL, NULL, 'App\\Models\\User', 1, '[]', '2021-08-09 10:15:13', '2021-08-09 10:15:13'),
(264, 'default', 'تم دخول صفحة الكاشير', NULL, NULL, 'App\\Models\\User', 1, '[]', '2021-08-09 10:20:07', '2021-08-09 10:20:07'),
(265, 'default', 'تم دخول صفحة الكاشير', NULL, NULL, 'App\\Models\\User', 1, '[]', '2021-08-09 10:20:28', '2021-08-09 10:20:28'),
(266, 'default', 'تم دخول صفحة الكاشير', NULL, NULL, 'App\\Models\\User', 1, '[]', '2021-08-09 10:22:27', '2021-08-09 10:22:27'),
(267, 'default', 'تم دخول صفحة الكاشير', NULL, NULL, 'App\\Models\\User', 1, '[]', '2021-08-09 10:23:30', '2021-08-09 10:23:30'),
(268, 'default', 'تم دخول صفحة الكاشير', NULL, NULL, 'App\\Models\\User', 1, '[]', '2021-08-09 10:28:49', '2021-08-09 10:28:49'),
(269, 'default', 'تم دخول صفحة الكاشير', NULL, NULL, 'App\\Models\\User', 1, '[]', '2021-08-09 10:33:15', '2021-08-09 10:33:15'),
(270, 'default', 'تم دخول صفحة الكاشير', NULL, NULL, 'App\\Models\\User', 1, '[]', '2021-08-09 12:13:06', '2021-08-09 12:13:06'),
(271, 'default', 'تم دخول صفحة الكاشير', NULL, NULL, 'App\\Models\\User', 1, '[]', '2021-08-09 12:13:53', '2021-08-09 12:13:53'),
(272, 'default', 'تم دخول صفحة الكاشير', NULL, NULL, 'App\\Models\\User', 1, '[]', '2021-08-09 12:15:07', '2021-08-09 12:15:07'),
(273, 'default', 'تم دخول صفحة الكاشير', NULL, NULL, 'App\\Models\\User', 1, '[]', '2021-08-09 12:15:34', '2021-08-09 12:15:34'),
(274, 'default', 'تم دخول صفحة الكاشير', NULL, NULL, 'App\\Models\\User', 1, '[]', '2021-08-10 05:35:14', '2021-08-10 05:35:14'),
(275, 'default', 'تم دخول صفحة الكاشير', NULL, NULL, 'App\\Models\\User', 1, '[]', '2021-08-10 05:36:58', '2021-08-10 05:36:58'),
(276, 'default', 'تم دخول صفحة الكاشير', NULL, NULL, 'App\\Models\\User', 1, '[]', '2021-08-10 05:38:48', '2021-08-10 05:38:48'),
(277, 'default', 'تم دخول صفحة الكاشير', NULL, NULL, 'App\\Models\\User', 1, '[]', '2021-08-10 05:41:23', '2021-08-10 05:41:23'),
(278, 'default', 'تم دخول صفحة الكاشير', NULL, NULL, 'App\\Models\\User', 1, '[]', '2021-08-10 05:44:23', '2021-08-10 05:44:23'),
(279, 'default', 'تم دخول صفحة الكاشير', NULL, NULL, 'App\\Models\\User', 1, '[]', '2021-08-10 05:46:02', '2021-08-10 05:46:02'),
(280, 'default', 'تم دخول صفحة الكاشير', NULL, NULL, 'App\\Models\\User', 1, '[]', '2021-08-10 06:18:17', '2021-08-10 06:18:17'),
(281, 'default', 'تم دخول صفحة الكاشير', NULL, NULL, 'App\\Models\\User', 1, '[]', '2021-08-10 06:18:52', '2021-08-10 06:18:52'),
(282, 'default', 'تم دخول صفحة الكاشير', NULL, NULL, 'App\\Models\\User', 1, '[]', '2021-08-10 06:19:18', '2021-08-10 06:19:18'),
(283, 'default', 'تم دخول صفحة الكاشير', NULL, NULL, 'App\\Models\\User', 1, '[]', '2021-08-10 06:19:47', '2021-08-10 06:19:47'),
(284, 'default', 'تم دخول صفحة الكاشير', NULL, NULL, 'App\\Models\\User', 1, '[]', '2021-08-10 06:20:15', '2021-08-10 06:20:15'),
(285, 'default', 'تم دخول صفحة الكاشير', NULL, NULL, 'App\\Models\\User', 1, '[]', '2021-08-10 06:20:28', '2021-08-10 06:20:28'),
(286, 'default', 'تم دخول صفحة كل الطلبات ', NULL, NULL, 'App\\Models\\User', 1, '[]', '2021-08-10 06:35:54', '2021-08-10 06:35:54'),
(287, 'default', 'تم دخول صفحة كل الطلبات ', NULL, NULL, 'App\\Models\\User', 1, '[]', '2021-08-10 06:35:56', '2021-08-10 06:35:56'),
(288, 'default', 'تم دخول صفحة كل الطلبات ', NULL, NULL, 'App\\Models\\User', 1, '[]', '2021-08-10 06:36:06', '2021-08-10 06:36:06'),
(289, 'default', 'تم دخول صفحة كل الطلبات ', NULL, NULL, 'App\\Models\\User', 1, '[]', '2021-08-10 06:36:06', '2021-08-10 06:36:06'),
(290, 'default', 'تم دخول صفحة كل الطلبات ', NULL, NULL, 'App\\Models\\User', 1, '[]', '2021-08-10 06:37:13', '2021-08-10 06:37:13'),
(291, 'default', 'تم دخول صفحة كل الطلبات ', NULL, NULL, 'App\\Models\\User', 1, '[]', '2021-08-10 06:37:16', '2021-08-10 06:37:16'),
(292, 'default', 'تم دخول صفحة كل الطلبات ', NULL, NULL, 'App\\Models\\User', 1, '[]', '2021-08-10 06:37:30', '2021-08-10 06:37:30'),
(293, 'default', 'تم دخول صفحة كل الطلبات ', NULL, NULL, 'App\\Models\\User', 1, '[]', '2021-08-10 06:38:07', '2021-08-10 06:38:07'),
(294, 'default', 'تم دخول صفحة كل الطلبات ', NULL, NULL, 'App\\Models\\User', 1, '[]', '2021-08-10 06:38:09', '2021-08-10 06:38:09'),
(295, 'default', 'تم دخول صفحة كل الطلبات ', NULL, NULL, 'App\\Models\\User', 1, '[]', '2021-08-10 06:42:21', '2021-08-10 06:42:21'),
(296, 'default', 'تم دخول صفحة كل الطلبات ', NULL, NULL, 'App\\Models\\User', 1, '[]', '2021-08-10 06:42:23', '2021-08-10 06:42:23'),
(297, 'default', 'تم دخول صفحة كل الطلبات ', NULL, NULL, 'App\\Models\\User', 1, '[]', '2021-08-10 06:42:44', '2021-08-10 06:42:44'),
(298, 'default', 'تم دخول صفحة كل الطلبات ', NULL, NULL, 'App\\Models\\User', 1, '[]', '2021-08-10 06:42:46', '2021-08-10 06:42:46'),
(299, 'default', 'تم دخول صفحة كل الطلبات ', NULL, NULL, 'App\\Models\\User', 1, '[]', '2021-08-10 06:44:15', '2021-08-10 06:44:15'),
(300, 'default', 'تم دخول صفحة كل الطلبات ', NULL, NULL, 'App\\Models\\User', 1, '[]', '2021-08-10 06:44:17', '2021-08-10 06:44:17'),
(301, 'default', 'تم دخول صفحة كل الطلبات ', NULL, NULL, 'App\\Models\\User', 1, '[]', '2021-08-10 06:45:56', '2021-08-10 06:45:56'),
(302, 'default', 'تم دخول صفحة كل الطلبات ', NULL, NULL, 'App\\Models\\User', 1, '[]', '2021-08-10 06:45:58', '2021-08-10 06:45:58'),
(303, 'default', 'تم دخول صفحة كل الطلبات ', NULL, NULL, 'App\\Models\\User', 1, '[]', '2021-08-10 06:53:19', '2021-08-10 06:53:19'),
(304, 'default', 'تم دخول صفحة كل الطلبات ', NULL, NULL, 'App\\Models\\User', 1, '[]', '2021-08-10 06:53:21', '2021-08-10 06:53:21'),
(305, 'default', 'تم دخول صفحة كل الطلبات ', NULL, NULL, 'App\\Models\\User', 1, '[]', '2021-08-10 06:53:48', '2021-08-10 06:53:48'),
(306, 'default', 'تم دخول صفحة كل الطلبات ', NULL, NULL, 'App\\Models\\User', 1, '[]', '2021-08-10 06:53:50', '2021-08-10 06:53:50'),
(307, 'default', 'تم دخول صفحة كل الطلبات ', NULL, NULL, 'App\\Models\\User', 1, '[]', '2021-08-10 06:55:23', '2021-08-10 06:55:23'),
(308, 'default', 'تم دخول صفحة كل الطلبات ', NULL, NULL, 'App\\Models\\User', 1, '[]', '2021-08-10 06:55:25', '2021-08-10 06:55:25'),
(309, 'default', 'تم دخول صفحة كل الطلبات ', NULL, NULL, 'App\\Models\\User', 1, '[]', '2021-08-10 07:14:33', '2021-08-10 07:14:33'),
(310, 'default', 'تم دخول صفحة كل الطلبات ', NULL, NULL, 'App\\Models\\User', 1, '[]', '2021-08-10 07:15:00', '2021-08-10 07:15:00'),
(311, 'default', 'تم دخول صفحة كل الطلبات ', NULL, NULL, 'App\\Models\\User', 1, '[]', '2021-08-10 07:16:28', '2021-08-10 07:16:28'),
(312, 'default', 'تم دخول صفحة كل الطلبات ', NULL, NULL, 'App\\Models\\User', 1, '[]', '2021-08-10 07:16:44', '2021-08-10 07:16:44'),
(313, 'default', 'تم دخول صفحة كل الطلبات ', NULL, NULL, 'App\\Models\\User', 1, '[]', '2021-08-10 07:16:46', '2021-08-10 07:16:46'),
(314, 'default', 'تم دخول صفحة كل الطلبات ', NULL, NULL, 'App\\Models\\User', 1, '[]', '2021-08-10 07:16:54', '2021-08-10 07:16:54'),
(315, 'default', 'تم دخول صفحة كل الطلبات ', NULL, NULL, 'App\\Models\\User', 1, '[]', '2021-08-10 07:16:54', '2021-08-10 07:16:54'),
(316, 'default', 'تم دخول صفحة كل الطلبات ', NULL, NULL, 'App\\Models\\User', 1, '[]', '2021-08-10 07:19:07', '2021-08-10 07:19:07'),
(317, 'default', 'تم دخول صفحة كل الطلبات ', NULL, NULL, 'App\\Models\\User', 1, '[]', '2021-08-10 07:19:09', '2021-08-10 07:19:09'),
(318, 'default', 'تم دخول صفحة كل الطلبات ', NULL, NULL, 'App\\Models\\User', 1, '[]', '2021-08-10 07:19:41', '2021-08-10 07:19:41'),
(319, 'default', 'تم دخول صفحة كل الطلبات ', NULL, NULL, 'App\\Models\\User', 1, '[]', '2021-08-10 07:19:44', '2021-08-10 07:19:44'),
(320, 'default', 'تم دخول صفحة كل الطلبات ', NULL, NULL, 'App\\Models\\User', 1, '[]', '2021-08-10 07:20:44', '2021-08-10 07:20:44'),
(321, 'default', 'تم دخول صفحة كل الطلبات ', NULL, NULL, 'App\\Models\\User', 1, '[]', '2021-08-10 07:20:46', '2021-08-10 07:20:46'),
(322, 'default', 'تم دخول صفحة كل الطلبات ', NULL, NULL, 'App\\Models\\User', 1, '[]', '2021-08-10 07:21:18', '2021-08-10 07:21:18'),
(323, 'default', 'تم دخول صفحة كل الطلبات ', NULL, NULL, 'App\\Models\\User', 1, '[]', '2021-08-10 07:21:20', '2021-08-10 07:21:20'),
(324, 'default', 'تم دخول صفحة كل الطلبات ', NULL, NULL, 'App\\Models\\User', 1, '[]', '2021-08-10 07:27:39', '2021-08-10 07:27:39'),
(325, 'default', 'تم دخول صفحة كل الطلبات ', NULL, NULL, 'App\\Models\\User', 1, '[]', '2021-08-10 07:27:41', '2021-08-10 07:27:41'),
(326, 'default', 'تم دخول صفحة كل الطلبات ', NULL, NULL, 'App\\Models\\User', 1, '[]', '2021-08-10 07:27:50', '2021-08-10 07:27:50'),
(327, 'default', 'تم دخول صفحة كل الطلبات ', NULL, NULL, 'App\\Models\\User', 1, '[]', '2021-08-10 07:28:07', '2021-08-10 07:28:07'),
(328, 'default', 'تم دخول صفحة كل الطلبات ', NULL, NULL, 'App\\Models\\User', 1, '[]', '2021-08-10 07:28:33', '2021-08-10 07:28:33'),
(329, 'default', 'تم دخول صفحة كل الطلبات ', NULL, NULL, 'App\\Models\\User', 1, '[]', '2021-08-10 07:29:19', '2021-08-10 07:29:19'),
(330, 'default', 'تم دخول صفحة كل الطلبات ', NULL, NULL, 'App\\Models\\User', 1, '[]', '2021-08-10 07:29:22', '2021-08-10 07:29:22'),
(331, 'default', 'تم دخول صفحة كل الطلبات ', NULL, NULL, 'App\\Models\\User', 1, '[]', '2021-08-10 07:29:35', '2021-08-10 07:29:35'),
(332, 'default', 'تم دخول صفحة كل الطلبات ', NULL, NULL, 'App\\Models\\User', 1, '[]', '2021-08-10 07:29:37', '2021-08-10 07:29:37'),
(333, 'default', 'تم دخول صفحة كل الطلبات ', NULL, NULL, 'App\\Models\\User', 1, '[]', '2021-08-10 07:29:46', '2021-08-10 07:29:46'),
(334, 'default', 'تم دخول صفحة كل الطلبات ', NULL, NULL, 'App\\Models\\User', 1, '[]', '2021-08-10 07:29:52', '2021-08-10 07:29:52'),
(335, 'default', 'تم دخول صفحة كل الطلبات ', NULL, NULL, 'App\\Models\\User', 1, '[]', '2021-08-10 07:29:59', '2021-08-10 07:29:59'),
(336, 'default', 'تم دخول صفحة كل الطلبات ', NULL, NULL, 'App\\Models\\User', 1, '[]', '2021-08-10 07:30:49', '2021-08-10 07:30:49'),
(337, 'default', 'تم دخول صفحة كل الطلبات ', NULL, NULL, 'App\\Models\\User', 1, '[]', '2021-08-10 07:30:51', '2021-08-10 07:30:51'),
(338, 'default', 'تم دخول صفحة كل الطلبات ', NULL, NULL, 'App\\Models\\User', 1, '[]', '2021-08-10 07:31:01', '2021-08-10 07:31:01'),
(339, 'default', 'تم دخول صفحة كل الطلبات ', NULL, NULL, 'App\\Models\\User', 1, '[]', '2021-08-10 07:32:18', '2021-08-10 07:32:18'),
(340, 'default', 'تم دخول صفحة كل الطلبات ', NULL, NULL, 'App\\Models\\User', 1, '[]', '2021-08-10 07:32:20', '2021-08-10 07:32:20'),
(341, 'default', 'تم دخول صفحة كل الطلبات ', NULL, NULL, 'App\\Models\\User', 1, '[]', '2021-08-10 07:32:27', '2021-08-10 07:32:27'),
(342, 'default', 'تم دخول صفحة كل الطلبات ', NULL, NULL, 'App\\Models\\User', 1, '[]', '2021-08-10 07:33:26', '2021-08-10 07:33:26'),
(343, 'default', 'تم دخول صفحة كل الطلبات ', NULL, NULL, 'App\\Models\\User', 1, '[]', '2021-08-10 07:33:28', '2021-08-10 07:33:28'),
(344, 'default', 'تم دخول صفحة كل الطلبات ', NULL, NULL, 'App\\Models\\User', 1, '[]', '2021-08-10 07:33:40', '2021-08-10 07:33:40'),
(345, 'default', 'تم دخول صفحة كل الطلبات ', NULL, NULL, 'App\\Models\\User', 1, '[]', '2021-08-10 07:34:40', '2021-08-10 07:34:40'),
(346, 'default', 'تم دخول صفحة كل الطلبات ', NULL, NULL, 'App\\Models\\User', 1, '[]', '2021-08-10 07:34:43', '2021-08-10 07:34:43'),
(347, 'default', 'تم دخول صفحة كل الطلبات ', NULL, NULL, 'App\\Models\\User', 1, '[]', '2021-08-10 07:35:02', '2021-08-10 07:35:02'),
(348, 'default', 'تم دخول صفحة كل الطلبات ', NULL, NULL, 'App\\Models\\User', 1, '[]', '2021-08-10 07:35:45', '2021-08-10 07:35:45'),
(349, 'default', 'تم دخول صفحة كل الطلبات ', NULL, NULL, 'App\\Models\\User', 1, '[]', '2021-08-10 07:35:50', '2021-08-10 07:35:50'),
(350, 'default', 'تم دخول صفحة كل الطلبات ', NULL, NULL, 'App\\Models\\User', 1, '[]', '2021-08-10 07:36:00', '2021-08-10 07:36:00'),
(351, 'default', 'تم دخول صفحة كل الطلبات ', NULL, NULL, 'App\\Models\\User', 1, '[]', '2021-08-10 07:36:32', '2021-08-10 07:36:32'),
(352, 'default', 'تم دخول صفحة كل الطلبات ', NULL, NULL, 'App\\Models\\User', 1, '[]', '2021-08-10 07:36:38', '2021-08-10 07:36:38'),
(353, 'default', 'تم دخول صفحة كل الطلبات ', NULL, NULL, 'App\\Models\\User', 1, '[]', '2021-08-10 07:38:09', '2021-08-10 07:38:09'),
(354, 'default', 'تم دخول صفحة كل الطلبات ', NULL, NULL, 'App\\Models\\User', 1, '[]', '2021-08-10 07:38:15', '2021-08-10 07:38:15'),
(355, 'default', 'تم دخول صفحة كل الطلبات ', NULL, NULL, 'App\\Models\\User', 1, '[]', '2021-08-10 07:38:48', '2021-08-10 07:38:48'),
(356, 'default', 'تم دخول صفحة كل الطلبات ', NULL, NULL, 'App\\Models\\User', 1, '[]', '2021-08-10 07:38:53', '2021-08-10 07:38:53'),
(357, 'default', 'تم دخول صفحة كل الطلبات ', NULL, NULL, 'App\\Models\\User', 1, '[]', '2021-08-10 07:40:17', '2021-08-10 07:40:17'),
(358, 'default', 'تم دخول صفحة كل الطلبات ', NULL, NULL, 'App\\Models\\User', 1, '[]', '2021-08-10 07:40:22', '2021-08-10 07:40:22'),
(359, 'default', 'تم دخول صفحة كل الطلبات ', NULL, NULL, 'App\\Models\\User', 1, '[]', '2021-08-10 07:40:27', '2021-08-10 07:40:27'),
(360, 'default', 'تم دخول صفحة كل الطلبات ', NULL, NULL, 'App\\Models\\User', 1, '[]', '2021-08-10 07:42:41', '2021-08-10 07:42:41'),
(361, 'default', 'تم دخول صفحة كل الطلبات ', NULL, NULL, 'App\\Models\\User', 1, '[]', '2021-08-10 07:42:43', '2021-08-10 07:42:43'),
(362, 'default', 'تم دخول صفحة كل الطلبات ', NULL, NULL, 'App\\Models\\User', 1, '[]', '2021-08-10 07:43:29', '2021-08-10 07:43:29'),
(363, 'default', 'تم دخول صفحة كل الطلبات ', NULL, NULL, 'App\\Models\\User', 1, '[]', '2021-08-10 07:43:31', '2021-08-10 07:43:31'),
(364, 'default', 'تم دخول صفحة كل الطلبات ', NULL, NULL, 'App\\Models\\User', 1, '[]', '2021-08-10 07:43:35', '2021-08-10 07:43:35'),
(365, 'default', 'تم دخول صفحة كل الطلبات ', NULL, NULL, 'App\\Models\\User', 1, '[]', '2021-08-10 07:43:35', '2021-08-10 07:43:35'),
(366, 'default', 'تم دخول صفحة كل الطلبات ', NULL, NULL, 'App\\Models\\User', 1, '[]', '2021-08-10 07:44:47', '2021-08-10 07:44:47'),
(367, 'default', 'تم دخول صفحة كل الطلبات ', NULL, NULL, 'App\\Models\\User', 1, '[]', '2021-08-10 07:44:49', '2021-08-10 07:44:49'),
(368, 'default', 'تم دخول صفحة كل الطلبات ', NULL, NULL, 'App\\Models\\User', 1, '[]', '2021-08-10 07:46:43', '2021-08-10 07:46:43'),
(369, 'default', 'تم دخول صفحة كل الطلبات ', NULL, NULL, 'App\\Models\\User', 1, '[]', '2021-08-10 07:46:45', '2021-08-10 07:46:45');
INSERT INTO `activity_log` (`id`, `log_name`, `description`, `subject_type`, `subject_id`, `causer_type`, `causer_id`, `properties`, `created_at`, `updated_at`) VALUES
(370, 'default', 'تم دخول صفحة كل الطلبات ', NULL, NULL, 'App\\Models\\User', 1, '[]', '2021-08-10 07:47:07', '2021-08-10 07:47:07'),
(371, 'default', 'تم دخول صفحة كل الطلبات ', NULL, NULL, 'App\\Models\\User', 1, '[]', '2021-08-10 07:47:10', '2021-08-10 07:47:10'),
(372, 'default', 'تم دخول صفحة كل الطلبات ', NULL, NULL, 'App\\Models\\User', 1, '[]', '2021-08-10 07:47:40', '2021-08-10 07:47:40'),
(373, 'default', 'تم دخول صفحة كل الطلبات ', NULL, NULL, 'App\\Models\\User', 1, '[]', '2021-08-10 07:47:42', '2021-08-10 07:47:42'),
(374, 'default', 'تم دخول صفحة كل الطلبات ', NULL, NULL, 'App\\Models\\User', 1, '[]', '2021-08-10 07:47:49', '2021-08-10 07:47:49'),
(375, 'default', 'تم دخول صفحة كل الطلبات ', NULL, NULL, 'App\\Models\\User', 1, '[]', '2021-08-10 08:34:37', '2021-08-10 08:34:37'),
(376, 'default', 'تم دخول صفحة كل الطلبات ', NULL, NULL, 'App\\Models\\User', 1, '[]', '2021-08-10 08:34:39', '2021-08-10 08:34:39'),
(377, 'default', 'تم دخول صفحة الكاشير', NULL, NULL, 'App\\Models\\User', 1, '[]', '2021-08-10 08:35:15', '2021-08-10 08:35:15'),
(378, 'default', 'تم دخول صفحة الكاشير', NULL, NULL, 'App\\Models\\User', 1, '[]', '2021-08-10 08:35:21', '2021-08-10 08:35:21'),
(379, 'default', 'تم دخول صفحة الكاشير', NULL, NULL, 'App\\Models\\User', 1, '[]', '2021-08-10 08:36:06', '2021-08-10 08:36:06'),
(380, 'default', 'تم دخول صفحة الكاشير', NULL, NULL, 'App\\Models\\User', 1, '[]', '2021-08-10 08:36:09', '2021-08-10 08:36:09'),
(381, 'default', 'تم دخول صفحة الكاشير', NULL, NULL, 'App\\Models\\User', 1, '[]', '2021-08-10 08:36:33', '2021-08-10 08:36:33'),
(382, 'default', 'تم دخول صفحة الكاشير', NULL, NULL, 'App\\Models\\User', 1, '[]', '2021-08-10 08:36:35', '2021-08-10 08:36:35'),
(383, 'default', 'تم دخول صفحة الكاشير', NULL, NULL, 'App\\Models\\User', 1, '[]', '2021-08-10 08:37:35', '2021-08-10 08:37:35'),
(384, 'default', 'تم دخول صفحة الكاشير', NULL, NULL, 'App\\Models\\User', 1, '[]', '2021-08-10 08:37:37', '2021-08-10 08:37:37'),
(385, 'default', 'تم دخول صفحة الكاشير', NULL, NULL, 'App\\Models\\User', 1, '[]', '2021-08-10 08:37:57', '2021-08-10 08:37:57'),
(386, 'default', 'تم دخول صفحة الكاشير', NULL, NULL, 'App\\Models\\User', 1, '[]', '2021-08-10 08:38:00', '2021-08-10 08:38:00'),
(387, 'default', 'تم دخول صفحة الكاشير', NULL, NULL, 'App\\Models\\User', 1, '[]', '2021-08-10 08:39:16', '2021-08-10 08:39:16'),
(388, 'default', 'تم دخول صفحة الكاشير', NULL, NULL, 'App\\Models\\User', 1, '[]', '2021-08-10 08:39:18', '2021-08-10 08:39:18'),
(389, 'default', 'تم دخول صفحة الكاشير', NULL, NULL, 'App\\Models\\User', 1, '[]', '2021-08-10 08:41:05', '2021-08-10 08:41:05'),
(390, 'default', 'تم دخول صفحة الكاشير', NULL, NULL, 'App\\Models\\User', 1, '[]', '2021-08-10 08:41:07', '2021-08-10 08:41:07'),
(391, 'default', 'تم دخول صفحة الكاشير', NULL, NULL, 'App\\Models\\User', 1, '[]', '2021-08-10 08:41:14', '2021-08-10 08:41:14'),
(392, 'default', 'تم دخول صفحة الكاشير', NULL, NULL, 'App\\Models\\User', 1, '[]', '2021-08-10 08:41:16', '2021-08-10 08:41:16'),
(393, 'default', 'تم دخول صفحة الكاشير', NULL, NULL, 'App\\Models\\User', 1, '[]', '2021-08-10 08:41:37', '2021-08-10 08:41:37'),
(394, 'default', 'تم دخول صفحة الكاشير', NULL, NULL, 'App\\Models\\User', 1, '[]', '2021-08-10 08:41:40', '2021-08-10 08:41:40'),
(395, 'default', 'تم دخول صفحة الكاشير', NULL, NULL, 'App\\Models\\User', 1, '[]', '2021-08-10 08:42:00', '2021-08-10 08:42:00'),
(396, 'default', 'تم دخول صفحة الكاشير', NULL, NULL, 'App\\Models\\User', 1, '[]', '2021-08-10 08:42:02', '2021-08-10 08:42:02'),
(397, 'default', 'تم دخول صفحة كل الطلبات ', NULL, NULL, 'App\\Models\\User', 1, '[]', '2021-08-10 08:56:12', '2021-08-10 08:56:12'),
(398, 'default', 'تم دخول صفحة كل الطلبات ', NULL, NULL, 'App\\Models\\User', 1, '[]', '2021-08-10 08:56:15', '2021-08-10 08:56:15'),
(399, 'default', 'تم دخول صفحة كل القوائم', NULL, NULL, 'App\\Models\\User', 1, '[]', '2021-08-10 08:56:19', '2021-08-10 08:56:19'),
(400, 'default', 'تم دخول صفحة اضافة قائمة جديدة', NULL, NULL, 'App\\Models\\User', 1, '[]', '2021-08-10 08:56:23', '2021-08-10 08:56:23'),
(401, 'default', ' تم إضافة قائمة جديدة إدارة الحجز ', 'App\\Models\\DynamicSlider', 7, 'App\\Models\\User', 1, '[]', '2021-08-10 08:57:45', '2021-08-10 08:57:45'),
(402, 'default', 'تم دخول صفحة كل القوائم', NULL, NULL, 'App\\Models\\User', 1, '[]', '2021-08-10 08:57:47', '2021-08-10 08:57:47'),
(403, 'default', 'تم دخول صفحة اضافة قائمة جديدة', NULL, NULL, 'App\\Models\\User', 1, '[]', '2021-08-10 08:57:52', '2021-08-10 08:57:52'),
(404, 'default', 'تم دخول صفحة اضافة قائمة جديدة', NULL, NULL, 'App\\Models\\User', 1, '[]', '2021-08-10 09:00:19', '2021-08-10 09:00:19'),
(405, 'default', ' تم إضافة قائمة جديدة العملاء ', 'App\\Models\\DynamicSlider', 8, 'App\\Models\\User', 1, '[]', '2021-08-10 09:00:48', '2021-08-10 09:00:48'),
(406, 'default', 'تم دخول صفحة كل القوائم', NULL, NULL, 'App\\Models\\User', 1, '[]', '2021-08-10 09:00:51', '2021-08-10 09:00:51'),
(407, 'default', 'تم دخول صفحة اضافة قائمة جديدة', NULL, NULL, 'App\\Models\\User', 1, '[]', '2021-08-10 09:00:54', '2021-08-10 09:00:54'),
(408, 'default', ' تم إضافة قائمة جديدة التذاكر ', 'App\\Models\\DynamicSlider', 9, 'App\\Models\\User', 1, '[]', '2021-08-10 09:01:24', '2021-08-10 09:01:24'),
(409, 'default', 'تم دخول صفحة كل القوائم', NULL, NULL, 'App\\Models\\User', 1, '[]', '2021-08-10 09:01:27', '2021-08-10 09:01:27'),
(410, 'default', 'تم دخول صفحة اضافة قائمة جديدة', NULL, NULL, 'App\\Models\\User', 1, '[]', '2021-08-10 09:01:31', '2021-08-10 09:01:31'),
(411, 'default', ' تم إضافة قائمة جديدة الإضافات ', 'App\\Models\\DynamicSlider', 10, 'App\\Models\\User', 1, '[]', '2021-08-10 09:01:57', '2021-08-10 09:01:57'),
(412, 'default', 'تم دخول صفحة كل القوائم', NULL, NULL, 'App\\Models\\User', 1, '[]', '2021-08-10 09:01:59', '2021-08-10 09:01:59'),
(413, 'default', 'تم دخول صفحة اضافة قائمة جديدة', NULL, NULL, 'App\\Models\\User', 1, '[]', '2021-08-10 09:02:03', '2021-08-10 09:02:03'),
(414, 'default', ' تم إضافة قائمة جديدة الطلبات ', 'App\\Models\\DynamicSlider', 11, 'App\\Models\\User', 1, '[]', '2021-08-10 09:02:45', '2021-08-10 09:02:45'),
(415, 'default', 'تم دخول صفحة كل القوائم', NULL, NULL, 'App\\Models\\User', 1, '[]', '2021-08-10 09:02:48', '2021-08-10 09:02:48'),
(416, 'default', 'تم دخول صفحة اضافة قائمة جديدة', NULL, NULL, 'App\\Models\\User', 1, '[]', '2021-08-10 09:02:51', '2021-08-10 09:02:51'),
(417, 'default', ' تم إضافة قائمة جديدة الكاشير ', 'App\\Models\\DynamicSlider', 12, 'App\\Models\\User', 1, '[]', '2021-08-10 09:03:22', '2021-08-10 09:03:22'),
(418, 'default', 'تم دخول صفحة كل القوائم', NULL, NULL, 'App\\Models\\User', 1, '[]', '2021-08-10 09:03:25', '2021-08-10 09:03:25'),
(419, 'default', 'تم دخول صفحة كل أنشطة المستخدمين', NULL, NULL, 'App\\Models\\User', 1, '[]', '2021-08-10 09:14:38', '2021-08-10 09:14:38'),
(420, 'default', 'تم دخول صفحة صلاحيات المستخدمين', NULL, NULL, 'App\\Models\\User', 1, '[]', '2021-08-10 09:14:38', '2021-08-10 09:14:38'),
(421, 'default', 'تم دخول صفحة صلاحيات المستخدمين', NULL, NULL, 'App\\Models\\User', 1, '[]', '2021-08-10 09:14:40', '2021-08-10 09:14:40'),
(422, 'default', ' تم دخول صفحة تعديل  صلاحيات  للمستخدم admin ', 'App\\Models\\User', 5, 'App\\Models\\User', 1, '[]', '2021-08-10 09:14:44', '2021-08-10 09:14:44'),
(423, 'default', 'تم دخول صفحة صلاحيات المستخدمين', NULL, NULL, 'App\\Models\\User', 1, '[]', '2021-08-10 09:14:48', '2021-08-10 09:14:48'),
(424, 'default', 'تم دخول صفحة صلاحيات المستخدمين', NULL, NULL, 'App\\Models\\User', 1, '[]', '2021-08-10 09:14:49', '2021-08-10 09:14:49'),
(425, 'default', ' تم دخول صفحة تعديل  صلاحيات  للمستخدم admins manager ', 'App\\Models\\User', 1, 'App\\Models\\User', 1, '[]', '2021-08-10 09:14:51', '2021-08-10 09:14:51'),
(426, 'default', ' تم  تعديل  صلاحيات  للمستخدم admins manager ', 'App\\Models\\User', 1, 'App\\Models\\User', 1, '[]', '2021-08-10 09:15:17', '2021-08-10 09:15:17'),
(427, 'default', 'تم دخول صفحة صلاحيات المستخدمين', NULL, NULL, 'App\\Models\\User', 1, '[]', '2021-08-10 09:15:20', '2021-08-10 09:15:20'),
(428, 'default', 'تم دخول صفحة صلاحيات المستخدمين', NULL, NULL, 'App\\Models\\User', 1, '[]', '2021-08-10 09:15:21', '2021-08-10 09:15:21'),
(429, 'default', 'تم دخول صفحة الكاشير', NULL, NULL, 'App\\Models\\User', 1, '[]', '2021-08-10 09:23:42', '2021-08-10 09:23:42'),
(430, 'default', 'تم دخول صفحة الكاشير', NULL, NULL, 'App\\Models\\User', 1, '[]', '2021-08-10 09:23:45', '2021-08-10 09:23:45'),
(431, 'default', 'تم دخول صفحة كل القوائم', NULL, NULL, 'App\\Models\\User', 1, '[]', '2021-08-10 09:24:49', '2021-08-10 09:24:49'),
(432, 'default', 'تم دخول صفحة كل المستخدمين', NULL, NULL, 'App\\Models\\User', 1, '[]', '2021-08-10 09:25:09', '2021-08-10 09:25:09'),
(433, 'default', 'تم دخول صفحة كل المستخدمين', NULL, NULL, 'App\\Models\\User', 1, '[]', '2021-08-10 09:25:10', '2021-08-10 09:25:10'),
(434, 'default', ' تم دخول  صفحة تعديل المستخدم admin', 'App\\Models\\User', 5, 'App\\Models\\User', 1, '[]', '2021-08-10 09:25:16', '2021-08-10 09:25:16'),
(435, 'default', ' تم تعديل  المستخدم admin', 'App\\Models\\User', 5, 'App\\Models\\User', 1, '[]', '2021-08-10 09:25:32', '2021-08-10 09:25:32'),
(436, 'default', 'تم دخول صفحة كل المستخدمين', NULL, NULL, 'App\\Models\\User', 1, '[]', '2021-08-10 09:25:35', '2021-08-10 09:25:35'),
(437, 'default', 'تم دخول صفحة صلاحيات المستخدمين', NULL, NULL, 'App\\Models\\User', 5, '[]', '2021-08-10 09:27:40', '2021-08-10 09:27:40'),
(438, 'default', 'تم دخول صفحة صلاحيات المستخدمين', NULL, NULL, 'App\\Models\\User', 5, '[]', '2021-08-10 09:27:42', '2021-08-10 09:27:42'),
(439, 'default', 'تم دخول صفحة كل المستخدمين', NULL, NULL, 'App\\Models\\User', 5, '[]', '2021-08-10 09:27:50', '2021-08-10 09:27:50'),
(440, 'default', 'تم دخول صفحة كل المستخدمين', NULL, NULL, 'App\\Models\\User', 5, '[]', '2021-08-10 09:27:51', '2021-08-10 09:27:51'),
(441, 'default', ' تم دخول  صفحة تعديل المستخدم admin', 'App\\Models\\User', 5, 'App\\Models\\User', 5, '[]', '2021-08-10 09:27:57', '2021-08-10 09:27:57'),
(442, 'default', 'تم دخول صفحة الكاشير', NULL, NULL, 'App\\Models\\User', 1, '[]', '2021-08-10 09:59:21', '2021-08-10 09:59:21'),
(443, 'default', 'تم دخول صفحة الكاشير', NULL, NULL, 'App\\Models\\User', 1, '[]', '2021-08-10 09:59:23', '2021-08-10 09:59:23'),
(444, 'default', 'تم دخول صفحة كل الطلبات ', NULL, NULL, 'App\\Models\\User', 1, '[]', '2021-08-10 09:59:37', '2021-08-10 09:59:37'),
(445, 'default', 'تم دخول صفحة كل الطلبات ', NULL, NULL, 'App\\Models\\User', 1, '[]', '2021-08-10 09:59:39', '2021-08-10 09:59:39'),
(446, 'default', 'تم دخول صفحة كل أنشطة المستخدمين', NULL, NULL, 'App\\Models\\User', 1, '[]', '2021-08-10 10:00:23', '2021-08-10 10:00:23'),
(447, 'default', 'تم دخول صفحة كل أنشطة المستخدمين', NULL, NULL, 'App\\Models\\User', 1, '[]', '2021-08-10 10:00:24', '2021-08-10 10:00:24'),
(448, 'default', 'تم دخول صفحة كل أنشطة المستخدمين', NULL, NULL, 'App\\Models\\User', 1, '[]', '2021-08-10 10:00:31', '2021-08-10 10:00:31'),
(449, 'default', 'تم دخول صفحة الكاشير', NULL, NULL, 'App\\Models\\User', 1, '[]', '2021-08-10 10:02:54', '2021-08-10 10:02:54'),
(450, 'default', 'تم دخول صفحة الكاشير', NULL, NULL, 'App\\Models\\User', 1, '[]', '2021-08-10 10:02:57', '2021-08-10 10:02:57'),
(451, 'default', 'تم اضافة طلب جديد 12', 'App\\Models\\Order', 12, 'App\\Models\\User', 1, '[]', '2021-08-10 10:03:13', '2021-08-10 10:03:13'),
(452, 'default', 'تم دخول صفحة الكاشير', NULL, NULL, 'App\\Models\\User', 1, '[]', '2021-08-10 10:03:16', '2021-08-10 10:03:16'),
(453, 'default', 'تم دخول صفحة الكاشير', NULL, NULL, 'App\\Models\\User', 1, '[]', '2021-08-10 10:03:18', '2021-08-10 10:03:18'),
(454, 'default', 'تم دخول صفحة كل الطلبات ', NULL, NULL, 'App\\Models\\User', 1, '[]', '2021-08-10 10:04:25', '2021-08-10 10:04:25'),
(455, 'default', 'تم دخول صفحة كل الطلبات ', NULL, NULL, 'App\\Models\\User', 1, '[]', '2021-08-10 10:04:26', '2021-08-10 10:04:26'),
(456, 'default', 'تم دخول صفحة كل الطلبات ', NULL, NULL, 'App\\Models\\User', 1, '[]', '2021-08-10 10:04:42', '2021-08-10 10:04:42'),
(457, 'default', 'تم دخول صفحة كل العملاء ', NULL, NULL, 'App\\Models\\User', 1, '[]', '2021-08-10 10:10:25', '2021-08-10 10:10:25'),
(458, 'default', 'تم دخول صفحة كل العملاء ', NULL, NULL, 'App\\Models\\User', 1, '[]', '2021-08-10 10:10:27', '2021-08-10 10:10:27'),
(459, 'default', 'تم دخول صفحة اضافة عميل جديد', NULL, NULL, 'App\\Models\\User', 1, '[]', '2021-08-10 10:10:30', '2021-08-10 10:10:30'),
(460, 'default', ' تم حفظ  بيانات عميل جديد', 'App\\Models\\Customer', 44, 'App\\Models\\User', 1, '[]', '2021-08-10 10:10:58', '2021-08-10 10:10:58'),
(461, 'default', 'تم دخول صفحة كل العملاء ', NULL, NULL, 'App\\Models\\User', 1, '[]', '2021-08-10 10:11:00', '2021-08-10 10:11:00'),
(462, 'default', ' تم دخول  صفحة تعديل عميل مصطفى رجب', 'App\\Models\\Customer', 44, 'App\\Models\\User', 1, '[]', '2021-08-10 10:11:03', '2021-08-10 10:11:03'),
(463, 'default', ' تم تعديل  العميل  مصطفى رجب', 'App\\Models\\Customer', 44, 'App\\Models\\User', 1, '[]', '2021-08-10 10:11:09', '2021-08-10 10:11:09'),
(464, 'default', 'تم دخول صفحة كل العملاء ', NULL, NULL, 'App\\Models\\User', 1, '[]', '2021-08-10 10:11:12', '2021-08-10 10:11:12'),
(465, 'default', 'تم دخول صفحة كل العملاء ', NULL, NULL, 'App\\Models\\User', 1, '[]', '2021-08-10 10:12:36', '2021-08-10 10:12:36'),
(466, 'default', 'تم دخول صفحة كل العملاء ', NULL, NULL, 'App\\Models\\User', 1, '[]', '2021-08-10 10:12:39', '2021-08-10 10:12:39'),
(467, 'default', 'تم دخول صفحة كل العملاء ', NULL, NULL, 'App\\Models\\User', 1, '[]', '2021-08-10 10:12:45', '2021-08-10 10:12:45'),
(468, 'default', 'تم دخول صفحة كل العملاء ', NULL, NULL, 'App\\Models\\User', 1, '[]', '2021-08-10 10:12:46', '2021-08-10 10:12:46'),
(469, 'default', 'تم دخول صفحة كل العملاء ', NULL, NULL, 'App\\Models\\User', 1, '[]', '2021-08-10 10:13:31', '2021-08-10 10:13:31'),
(470, 'default', 'تم دخول صفحة كل العملاء ', NULL, NULL, 'App\\Models\\User', 1, '[]', '2021-08-10 10:13:33', '2021-08-10 10:13:33'),
(471, 'default', 'تم دخول صفحة كل التذاكر', NULL, NULL, 'App\\Models\\User', 1, '[]', '2021-08-10 10:13:38', '2021-08-10 10:13:38'),
(472, 'default', 'تم دخول صفحة كل التذاكر', NULL, NULL, 'App\\Models\\User', 1, '[]', '2021-08-10 10:13:40', '2021-08-10 10:13:40'),
(473, 'default', 'تم دخول صفحة اضافة تذكرة جديدة', NULL, NULL, 'App\\Models\\User', 1, '[]', '2021-08-10 10:13:52', '2021-08-10 10:13:52'),
(474, 'default', ' تم حفظ  تذكرة جديدة', 'App\\Models\\Ticket', 6, 'App\\Models\\User', 1, '[]', '2021-08-10 10:14:05', '2021-08-10 10:14:05'),
(475, 'default', 'تم دخول صفحة كل التذاكر', NULL, NULL, 'App\\Models\\User', 1, '[]', '2021-08-10 10:14:08', '2021-08-10 10:14:08'),
(476, 'default', ' تم تعديل حالة التذكرة 6', 'App\\Models\\Ticket', 6, 'App\\Models\\User', 1, '[]', '2021-08-10 10:14:12', '2021-08-10 10:14:12'),
(477, 'default', 'تم دخول صفحة كل التذاكر', NULL, NULL, 'App\\Models\\User', 1, '[]', '2021-08-10 10:14:12', '2021-08-10 10:14:12'),
(478, 'default', 'تم دخول صفحة تعديل التذكرة رقم 6', NULL, NULL, 'App\\Models\\User', 1, '[]', '2021-08-10 10:14:15', '2021-08-10 10:14:15'),
(479, 'default', ' تم تعديل حالة التذكرة 6', 'App\\Models\\Ticket', 6, 'App\\Models\\User', 1, '[]', '2021-08-10 10:14:22', '2021-08-10 10:14:22'),
(480, 'default', 'تم دخول صفحة كل التذاكر', NULL, NULL, 'App\\Models\\User', 1, '[]', '2021-08-10 10:14:22', '2021-08-10 10:14:22'),
(481, 'default', 'تم دخول صفحة كل  الإضافة', NULL, NULL, 'App\\Models\\User', 1, '[]', '2021-08-10 10:14:38', '2021-08-10 10:14:38'),
(482, 'default', 'تم دخول صفحة كل  الإضافة', NULL, NULL, 'App\\Models\\User', 1, '[]', '2021-08-10 10:14:40', '2021-08-10 10:14:40'),
(483, 'default', 'تم دخول صفحة اضافة إضافة جديدة', NULL, NULL, 'App\\Models\\User', 1, '[]', '2021-08-10 10:14:44', '2021-08-10 10:14:44'),
(484, 'default', ' تم حفظ  إضافة جديدة', 'App\\Models\\AddOn', 5, 'App\\Models\\User', 1, '[]', '2021-08-10 10:15:02', '2021-08-10 10:15:02'),
(485, 'default', 'تم دخول صفحة كل  الإضافة', NULL, NULL, 'App\\Models\\User', 1, '[]', '2021-08-10 10:15:05', '2021-08-10 10:15:05'),
(486, 'default', 'تم دخول صفحة كل الطلبات ', NULL, NULL, 'App\\Models\\User', 1, '[]', '2021-08-10 10:24:36', '2021-08-10 10:24:36'),
(487, 'default', 'تم دخول صفحة كل الطلبات ', NULL, NULL, 'App\\Models\\User', 1, '[]', '2021-08-10 10:24:38', '2021-08-10 10:24:38'),
(488, 'default', 'تم دخول صفحة كل الطلبات ', NULL, NULL, 'App\\Models\\User', 1, '[]', '2021-08-10 10:24:41', '2021-08-10 10:24:41'),
(489, 'default', 'تم دخول صفحة كل الطلبات ', NULL, NULL, 'App\\Models\\User', 1, '[]', '2021-08-10 10:24:41', '2021-08-10 10:24:41'),
(490, 'default', 'تم دخول صفحة كل الطلبات ', NULL, NULL, 'App\\Models\\User', 1, '[]', '2021-08-10 10:25:26', '2021-08-10 10:25:26'),
(491, 'default', 'تم دخول صفحة كل الطلبات ', NULL, NULL, 'App\\Models\\User', 1, '[]', '2021-08-10 10:25:26', '2021-08-10 10:25:26'),
(492, 'default', 'تم دخول صفحة كل الطلبات ', NULL, NULL, 'App\\Models\\User', 1, '[]', '2021-08-10 10:25:36', '2021-08-10 10:25:36'),
(493, 'default', 'تم دخول صفحة الكاشير', NULL, NULL, 'App\\Models\\User', 1, '[]', '2021-08-10 10:25:48', '2021-08-10 10:25:48'),
(494, 'default', 'تم دخول صفحة الكاشير', NULL, NULL, 'App\\Models\\User', 1, '[]', '2021-08-10 10:25:50', '2021-08-10 10:25:50'),
(495, 'default', 'تم دخول صفحة الكاشير', NULL, NULL, 'App\\Models\\User', 1, '[]', '2021-08-10 12:27:24', '2021-08-10 12:27:24'),
(496, 'default', 'تم دخول صفحة الكاشير', NULL, NULL, 'App\\Models\\User', 1, '[]', '2021-08-10 12:27:28', '2021-08-10 12:27:28'),
(497, 'default', 'تم دخول صفحة الكاشير', NULL, NULL, 'App\\Models\\User', 1, '[]', '2021-08-10 12:28:18', '2021-08-10 12:28:18'),
(498, 'default', 'تم دخول صفحة الكاشير', NULL, NULL, 'App\\Models\\User', 1, '[]', '2021-08-10 12:28:20', '2021-08-10 12:28:20'),
(499, 'default', 'تم دخول صفحة الكاشير', NULL, NULL, 'App\\Models\\User', 1, '[]', '2021-08-10 12:28:42', '2021-08-10 12:28:42'),
(500, 'default', 'تم دخول صفحة الكاشير', NULL, NULL, 'App\\Models\\User', 1, '[]', '2021-08-10 12:28:45', '2021-08-10 12:28:45'),
(501, 'default', 'تم دخول صفحة الكاشير', NULL, NULL, 'App\\Models\\User', 1, '[]', '2021-08-10 12:29:00', '2021-08-10 12:29:00'),
(502, 'default', 'تم دخول صفحة الكاشير', NULL, NULL, 'App\\Models\\User', 1, '[]', '2021-08-10 12:29:03', '2021-08-10 12:29:03'),
(503, 'default', 'تم دخول صفحة الكاشير', NULL, NULL, 'App\\Models\\User', 1, '[]', '2021-08-10 12:29:33', '2021-08-10 12:29:33'),
(504, 'default', 'تم دخول صفحة الكاشير', NULL, NULL, 'App\\Models\\User', 1, '[]', '2021-08-10 12:29:36', '2021-08-10 12:29:36'),
(505, 'default', 'تم دخول صفحة الكاشير', NULL, NULL, 'App\\Models\\User', 1, '[]', '2021-08-10 12:29:55', '2021-08-10 12:29:55'),
(506, 'default', 'تم دخول صفحة الكاشير', NULL, NULL, 'App\\Models\\User', 1, '[]', '2021-08-10 12:29:58', '2021-08-10 12:29:58'),
(507, 'default', 'تم دخول صفحة الكاشير', NULL, NULL, 'App\\Models\\User', 1, '[]', '2021-08-10 12:30:31', '2021-08-10 12:30:31'),
(508, 'default', 'تم دخول صفحة الكاشير', NULL, NULL, 'App\\Models\\User', 1, '[]', '2021-08-10 12:30:34', '2021-08-10 12:30:34'),
(509, 'default', 'تم دخول صفحة صلاحيات المستخدمين', NULL, NULL, 'App\\Models\\User', 5, '[]', '2021-08-10 12:44:30', '2021-08-10 12:44:30'),
(510, 'default', 'تم دخول صفحة صلاحيات المستخدمين', NULL, NULL, 'App\\Models\\User', 5, '[]', '2021-08-10 12:44:32', '2021-08-10 12:44:32'),
(511, 'default', ' تم دخول صفحة تعديل  صلاحيات  للمستخدم admin ', 'App\\Models\\User', 5, 'App\\Models\\User', 5, '[]', '2021-08-10 12:44:37', '2021-08-10 12:44:37'),
(512, 'default', ' تم  تعديل  صلاحيات  للمستخدم admin ', 'App\\Models\\User', 5, 'App\\Models\\User', 5, '[]', '2021-08-10 12:44:51', '2021-08-10 12:44:51'),
(513, 'default', 'تم دخول صفحة الكاشير', NULL, NULL, 'App\\Models\\User', 5, '[]', '2021-08-10 12:45:20', '2021-08-10 12:45:20'),
(514, 'default', 'تم دخول صفحة الكاشير', NULL, NULL, 'App\\Models\\User', 5, '[]', '2021-08-10 12:45:22', '2021-08-10 12:45:22'),
(515, 'default', ' تم دخول صفحة تعديل حساب admin ', 'App\\Models\\User', 5, 'App\\Models\\User', 5, '[]', '2021-08-10 12:45:28', '2021-08-10 12:45:28'),
(516, 'default', ' تم تعديل  المستخدم admin', 'App\\Models\\User', 5, 'App\\Models\\User', 5, '[]', '2021-08-10 12:45:40', '2021-08-10 12:45:40'),
(517, 'default', ' تم دخول صفحة تعديل حساب كاشير ', 'App\\Models\\User', 5, 'App\\Models\\User', 5, '[]', '2021-08-10 12:45:44', '2021-08-10 12:45:44'),
(518, 'default', 'تم دخول صفحة الكاشير', NULL, NULL, 'App\\Models\\User', 5, '[]', '2021-08-10 12:46:09', '2021-08-10 12:46:09'),
(519, 'default', 'تم دخول صفحة الكاشير', NULL, NULL, 'App\\Models\\User', 5, '[]', '2021-08-10 12:46:12', '2021-08-10 12:46:12');

-- --------------------------------------------------------

--
-- Table structure for table `add_ons`
--

CREATE TABLE `add_ons` (
  `id` bigint(20) UNSIGNED NOT NULL,
  `title` varchar(191) COLLATE utf8mb4_unicode_ci DEFAULT NULL,
  `price` double DEFAULT 0,
  `image` varchar(191) COLLATE utf8mb4_unicode_ci DEFAULT NULL,
  `code` varchar(191) COLLATE utf8mb4_unicode_ci DEFAULT NULL,
  `is_shown` enum('shown','hidden') COLLATE utf8mb4_unicode_ci DEFAULT 'shown',
  `created_at` timestamp NULL DEFAULT NULL,
  `updated_at` timestamp NULL DEFAULT NULL
) ENGINE=InnoDB DEFAULT CHARSET=utf8mb4 COLLATE=utf8mb4_unicode_ci;

--
-- Dumping data for table `add_ons`
--

INSERT INTO `add_ons` (`id`, `title`, `price`, `image`, `code`, `is_shown`, `created_at`, `updated_at`) VALUES
(2, 'وجبة صغيرة', 30, NULL, NULL, 'shown', '2021-08-09 06:27:54', '2021-08-09 06:27:54'),
(3, 'سناكس', 10, NULL, NULL, 'shown', '2021-08-09 06:28:17', '2021-08-09 06:28:17'),
(4, 'عوامة بطة', 20, NULL, NULL, 'shown', '2021-08-09 06:28:33', '2021-08-09 06:28:33'),
(5, 'مشروب', 10, NULL, NULL, 'shown', '2021-08-10 10:15:02', '2021-08-10 10:15:02');

-- --------------------------------------------------------

--
-- Table structure for table `customers`
--

CREATE TABLE `customers` (
  `id` bigint(20) UNSIGNED NOT NULL,
  `client_type` enum('parent','son') COLLATE utf8mb4_unicode_ci DEFAULT 'parent',
  `parent_id` bigint(20) UNSIGNED DEFAULT NULL,
  `name` varchar(191) COLLATE utf8mb4_unicode_ci DEFAULT NULL,
  `customer_work` varchar(191) COLLATE utf8mb4_unicode_ci DEFAULT NULL,
  `email` varchar(191) COLLATE utf8mb4_unicode_ci DEFAULT NULL,
  `phone` varchar(191) COLLATE utf8mb4_unicode_ci DEFAULT NULL,
  `address` varchar(191) COLLATE utf8mb4_unicode_ci DEFAULT NULL,
  `website_link` varchar(191) COLLATE utf8mb4_unicode_ci DEFAULT NULL,
  `logo` varchar(191) COLLATE utf8mb4_unicode_ci DEFAULT NULL,
  `notes` longtext COLLATE utf8mb4_unicode_ci DEFAULT NULL,
  `created_by` bigint(20) UNSIGNED DEFAULT NULL,
  `created_at` timestamp NULL DEFAULT NULL,
  `updated_at` timestamp NULL DEFAULT NULL
) ENGINE=InnoDB DEFAULT CHARSET=utf8mb4 COLLATE=utf8mb4_unicode_ci;

--
-- Dumping data for table `customers`
--

INSERT INTO `customers` (`id`, `client_type`, `parent_id`, `name`, `customer_work`, `email`, `phone`, `address`, `website_link`, `logo`, `notes`, `created_by`, `created_at`, `updated_at`) VALUES
(17, 'parent', NULL, 'محمد أحمد الجندى', NULL, NULL, '01025130204', NULL, NULL, NULL, NULL, NULL, '2021-08-09 05:16:34', '2021-08-09 05:16:34'),
(18, 'son', 17, 'منار', NULL, NULL, NULL, NULL, NULL, NULL, NULL, NULL, '2021-08-09 05:16:34', '2021-08-09 05:16:34'),
(19, 'son', 17, 'ابراهيم سيد', NULL, NULL, NULL, NULL, NULL, NULL, NULL, NULL, '2021-08-09 05:16:34', '2021-08-09 10:11:49'),
(20, 'son', 17, 'محمد', NULL, NULL, NULL, NULL, NULL, NULL, NULL, NULL, '2021-08-09 05:16:34', '2021-08-09 05:16:34'),
(34, 'parent', NULL, 'مصطفى أحمد', NULL, NULL, '0102513027', NULL, NULL, NULL, NULL, NULL, '2021-08-09 10:29:33', '2021-08-09 10:29:33'),
(35, 'son', 34, 'ابراهيم', NULL, NULL, NULL, NULL, NULL, NULL, NULL, NULL, '2021-08-09 10:29:33', '2021-08-09 10:29:33'),
(36, 'son', 34, 'حبيبة', NULL, NULL, NULL, NULL, NULL, NULL, NULL, NULL, '2021-08-09 10:29:33', '2021-08-09 10:29:33'),
(37, 'son', 34, 'سعيد', NULL, NULL, NULL, NULL, NULL, NULL, NULL, NULL, '2021-08-09 10:29:33', '2021-08-09 10:29:33'),
(38, 'son', 17, 'ابراهيم', NULL, NULL, NULL, NULL, NULL, NULL, NULL, NULL, '2021-08-09 10:31:04', '2021-08-09 10:31:04'),
(39, 'son', 17, 'حبيبة', NULL, NULL, NULL, NULL, NULL, NULL, NULL, NULL, '2021-08-09 10:31:05', '2021-08-09 10:31:05'),
(40, 'son', 17, 'سعيد', NULL, NULL, NULL, NULL, NULL, NULL, NULL, NULL, '2021-08-09 10:31:05', '2021-08-09 10:31:05'),
(41, 'parent', NULL, 'Test Account', NULL, NULL, '01025130277704', NULL, NULL, NULL, NULL, NULL, '2021-08-10 05:45:59', '2021-08-10 05:45:59'),
(42, 'son', 41, 'test6', NULL, NULL, NULL, NULL, NULL, NULL, NULL, NULL, '2021-08-10 05:45:59', '2021-08-10 05:45:59'),
(43, 'son', 41, 'test5', NULL, NULL, NULL, NULL, NULL, NULL, NULL, NULL, '2021-08-10 05:45:59', '2021-08-10 05:45:59'),
(44, 'parent', NULL, 'مصطفى رجب', NULL, NULL, '0100223443', NULL, NULL, NULL, NULL, NULL, '2021-08-10 10:10:57', '2021-08-10 10:10:57'),
(47, 'son', 44, 'test2', NULL, NULL, NULL, NULL, NULL, NULL, NULL, NULL, '2021-08-10 10:11:10', '2021-08-10 10:11:10'),
(48, 'son', 44, 'test1', NULL, NULL, NULL, NULL, NULL, NULL, NULL, NULL, '2021-08-10 10:11:10', '2021-08-10 10:11:10');

-- --------------------------------------------------------

--
-- Table structure for table `dynamic_sliders`
--

CREATE TABLE `dynamic_sliders` (
  `id` bigint(20) UNSIGNED NOT NULL,
  `en_title` varchar(191) COLLATE utf8mb4_unicode_ci DEFAULT NULL,
  `ar_title` varchar(191) COLLATE utf8mb4_unicode_ci DEFAULT NULL,
  `route_link` varchar(191) COLLATE utf8mb4_unicode_ci DEFAULT NULL,
  `order_number` varchar(191) COLLATE utf8mb4_unicode_ci DEFAULT NULL,
  `image` varchar(191) COLLATE utf8mb4_unicode_ci DEFAULT NULL,
  `font_icon` varchar(191) COLLATE utf8mb4_unicode_ci DEFAULT NULL,
  `permission_name` varchar(191) COLLATE utf8mb4_unicode_ci DEFAULT NULL,
  `permission_id` bigint(20) UNSIGNED DEFAULT NULL,
  `parent_id` bigint(20) UNSIGNED DEFAULT NULL,
  `with_notification` enum('yes','no') COLLATE utf8mb4_unicode_ci DEFAULT 'no',
  `is_shown` enum('shown','hidden') COLLATE utf8mb4_unicode_ci DEFAULT 'shown',
  `created_at` timestamp NULL DEFAULT NULL,
  `updated_at` timestamp NULL DEFAULT NULL
) ENGINE=InnoDB DEFAULT CHARSET=utf8mb4 COLLATE=utf8mb4_unicode_ci;

--
-- Dumping data for table `dynamic_sliders`
--

INSERT INTO `dynamic_sliders` (`id`, `en_title`, `ar_title`, `route_link`, `order_number`, `image`, `font_icon`, `permission_name`, `permission_id`, `parent_id`, `with_notification`, `is_shown`, `created_at`, `updated_at`) VALUES
(1, 'settings', 'الإعدادت', 'settingIndex.index', '0', 'dynamicSliders/162728739243974.png', 'fad fa-cogs', 'settingIndex', 1, NULL, 'no', 'shown', '2021-07-26 04:16:33', '2021-08-01 08:13:52'),
(2, 'general settings', 'الإعدادت العامة', 'generalSettings.index', '0', 'dynamicSliders/162728799395111.png', 'fad fa-sliders-v', 'editGeneralSetting', 2, 1, 'no', 'shown', '2021-07-26 04:26:33', '2021-07-26 04:26:33'),
(3, 'users', 'المستخدمين', 'users.index', '1', 'dynamicSliders/162728851946673.png', 'fad fa-user', 'users index', 9, 1, 'no', 'shown', '2021-07-26 04:35:19', '2021-08-08 09:00:24'),
(4, 'user permissions', 'صلاحيات المستخدمين', 'userPermissions.index', '2', 'dynamicSliders/162728974475214.png', 'fad fa-ballot-check', 'user permission index', 21, 1, 'no', 'shown', '2021-07-26 04:55:44', '2021-08-08 09:00:24'),
(5, 'lists controlling', 'التحكم فى القوائم', 'dynamicSliders.index', '4', 'dynamicSliders/162728990625512.png', 'fad fa-bars', 'lists index', 15, 1, 'no', 'shown', '2021-07-26 04:58:26', '2021-07-26 04:58:26'),
(6, 'user logs', 'أنشطة المستخدمين', 'logActivities.index', '3', 'dynamicSliders/162729011677742.png', 'fad fa-users', 'logs Index', 19, 1, 'no', 'shown', '2021-07-26 05:01:56', '2021-08-08 09:00:24'),
(7, 'Reservation management', 'إدارة الحجز', 'routingBasics.index', '1', 'dynamicSliders/162859306420595.png', 'fad fa-tasks', 'ReservationManagement', 26, NULL, 'no', 'shown', '2021-08-10 08:57:44', '2021-08-10 08:57:44'),
(8, 'clients', 'العملاء', 'customers.index', '0', 'dynamicSliders/162859324861124.png', 'fad fa-user', 'clientsIndex', 45, 7, 'no', 'shown', '2021-08-10 09:00:48', '2021-08-10 09:00:48'),
(9, 'tickets', 'التذاكر', 'tickets.index', '1', 'dynamicSliders/162859328426237.png', 'far fa-clipboard-check', 'ticketIndex', 27, 7, 'no', 'shown', '2021-08-10 09:01:24', '2021-08-10 09:01:24'),
(10, 'addOns', 'الإضافات', 'add-ons.index', '2', 'dynamicSliders/162859331677181.png', 'far fa-puzzle-piece', 'addOnsIndex', 33, 7, 'no', 'shown', '2021-08-10 09:01:56', '2021-08-10 09:01:56'),
(11, 'orders', 'الطلبات', 'orders.index', '3', 'dynamicSliders/162859336541476.png', 'fad fa-cart-arrow-down', 'ordersIndex', 39, 7, 'no', 'shown', '2021-08-10 09:02:45', '2021-08-10 09:02:45'),
(12, 'cashier', 'الكاشير', 'cashier.index', '2', 'dynamicSliders/162859340258326.png', 'fas fa-shopping-basket', 'cashier', 44, NULL, 'no', 'shown', '2021-08-10 09:03:22', '2021-08-10 09:03:22');

-- --------------------------------------------------------

--
-- Table structure for table `failed_jobs`
--

CREATE TABLE `failed_jobs` (
  `id` bigint(20) UNSIGNED NOT NULL,
  `uuid` varchar(191) COLLATE utf8mb4_unicode_ci NOT NULL,
  `connection` text COLLATE utf8mb4_unicode_ci NOT NULL,
  `queue` text COLLATE utf8mb4_unicode_ci NOT NULL,
  `payload` longtext COLLATE utf8mb4_unicode_ci NOT NULL,
  `exception` longtext COLLATE utf8mb4_unicode_ci NOT NULL,
  `failed_at` timestamp NOT NULL DEFAULT current_timestamp()
) ENGINE=InnoDB DEFAULT CHARSET=utf8mb4 COLLATE=utf8mb4_unicode_ci;

-- --------------------------------------------------------

--
-- Table structure for table `migrations`
--

CREATE TABLE `migrations` (
  `id` int(10) UNSIGNED NOT NULL,
  `migration` varchar(191) COLLATE utf8mb4_unicode_ci NOT NULL,
  `batch` int(11) NOT NULL
) ENGINE=InnoDB DEFAULT CHARSET=utf8mb4 COLLATE=utf8mb4_unicode_ci;

--
-- Dumping data for table `migrations`
--

INSERT INTO `migrations` (`id`, `migration`, `batch`) VALUES
(1, '2014_10_12_000000_create_users_table', 1),
(2, '2014_10_12_100000_create_password_resets_table', 1),
(3, '2019_08_19_000000_create_failed_jobs_table', 1),
(4, '2020_04_09_105520_create_settings_table', 1),
(5, '2020_09_02_201116_create_permission_tables', 1),
(6, '2021_02_15_135827_create_dynamic_sliders_table', 1),
(7, '2021_02_15_140620_create_customers_table', 1),
(8, '2021_02_16_073128_create_activity_log_table', 1),
(9, '2021_08_08_082127_create_tickets_table', 1),
(10, '2021_08_08_082501_create_add_ons_table', 1),
(11, '2021_08_08_082757_create_orders_table', 1),
(12, '2021_08_08_082814_create_order_details_table', 1),
(13, '2021_08_08_082835_create_order_add_ons_table', 1);

-- --------------------------------------------------------

--
-- Table structure for table `model_has_permissions`
--

CREATE TABLE `model_has_permissions` (
  `permission_id` bigint(20) UNSIGNED NOT NULL,
  `model_type` varchar(191) COLLATE utf8mb4_unicode_ci NOT NULL,
  `model_id` bigint(20) UNSIGNED NOT NULL
) ENGINE=InnoDB DEFAULT CHARSET=utf8mb4 COLLATE=utf8mb4_unicode_ci;

--
-- Dumping data for table `model_has_permissions`
--

INSERT INTO `model_has_permissions` (`permission_id`, `model_type`, `model_id`) VALUES
(1, 'App\\Models\\User', 1),
(2, 'App\\Models\\User', 1),
(3, 'App\\Models\\User', 1),
(9, 'App\\Models\\User', 1),
(10, 'App\\Models\\User', 1),
(11, 'App\\Models\\User', 1),
(12, 'App\\Models\\User', 1),
(13, 'App\\Models\\User', 1),
(14, 'App\\Models\\User', 1),
(15, 'App\\Models\\User', 1),
(16, 'App\\Models\\User', 1),
(17, 'App\\Models\\User', 1),
(18, 'App\\Models\\User', 1),
(19, 'App\\Models\\User', 1),
(21, 'App\\Models\\User', 1),
(22, 'App\\Models\\User', 1),
(23, 'App\\Models\\User', 1),
(24, 'App\\Models\\User', 1),
(25, 'App\\Models\\User', 1),
(26, 'App\\Models\\User', 1),
(27, 'App\\Models\\User', 1),
(28, 'App\\Models\\User', 1),
(29, 'App\\Models\\User', 1),
(30, 'App\\Models\\User', 1),
(31, 'App\\Models\\User', 1),
(32, 'App\\Models\\User', 1),
(33, 'App\\Models\\User', 1),
(34, 'App\\Models\\User', 1),
(35, 'App\\Models\\User', 1),
(36, 'App\\Models\\User', 1),
(37, 'App\\Models\\User', 1),
(38, 'App\\Models\\User', 1),
(39, 'App\\Models\\User', 1),
(40, 'App\\Models\\User', 1),
(41, 'App\\Models\\User', 1),
(42, 'App\\Models\\User', 1),
(43, 'App\\Models\\User', 1),
(44, 'App\\Models\\User', 1),
(44, 'App\\Models\\User', 5),
(45, 'App\\Models\\User', 1),
(46, 'App\\Models\\User', 1),
(47, 'App\\Models\\User', 1),
(48, 'App\\Models\\User', 1),
(49, 'App\\Models\\User', 1);

-- --------------------------------------------------------

--
-- Table structure for table `model_has_roles`
--

CREATE TABLE `model_has_roles` (
  `role_id` bigint(20) UNSIGNED NOT NULL,
  `model_type` varchar(191) COLLATE utf8mb4_unicode_ci NOT NULL,
  `model_id` bigint(20) UNSIGNED NOT NULL
) ENGINE=InnoDB DEFAULT CHARSET=utf8mb4 COLLATE=utf8mb4_unicode_ci;

-- --------------------------------------------------------

--
-- Table structure for table `orders`
--

CREATE TABLE `orders` (
  `id` bigint(20) UNSIGNED NOT NULL,
  `customer_id` bigint(20) UNSIGNED DEFAULT NULL,
  `ticket_id` bigint(20) UNSIGNED DEFAULT NULL,
  `original_cost` double NOT NULL DEFAULT 0,
  `discount_rate` double NOT NULL DEFAULT 0,
  `discount_value` double NOT NULL DEFAULT 0,
  `total_cost` double NOT NULL DEFAULT 0,
  `notes` text COLLATE utf8mb4_unicode_ci DEFAULT NULL,
  `started_at` timestamp NULL DEFAULT NULL,
  `finished_at` timestamp NULL DEFAULT NULL,
  `status` enum('new','still_going_on','finished','canceled') COLLATE utf8mb4_unicode_ci NOT NULL DEFAULT 'new',
  `created_by` bigint(20) UNSIGNED DEFAULT NULL,
  `created_at` timestamp NULL DEFAULT NULL,
  `updated_at` timestamp NULL DEFAULT NULL
) ENGINE=InnoDB DEFAULT CHARSET=utf8mb4 COLLATE=utf8mb4_unicode_ci;

--
-- Dumping data for table `orders`
--

INSERT INTO `orders` (`id`, `customer_id`, `ticket_id`, `original_cost`, `discount_rate`, `discount_value`, `total_cost`, `notes`, `started_at`, `finished_at`, `status`, `created_by`, `created_at`, `updated_at`) VALUES
(6, 34, 3, 80, 0, 0, 80, NULL, '2021-08-09 10:29:33', '2021-08-09 11:29:33', 'new', 1, '2021-08-09 10:29:33', '2021-08-09 10:29:33'),
(7, 17, 2, 10, 0, 0, 10, NULL, '2021-08-09 10:36:32', '2021-08-09 11:06:32', 'new', 1, '2021-08-09 10:36:32', '2021-08-09 10:36:32'),
(8, 17, 2, 10, 0, 0, 10, NULL, '2021-08-09 10:37:03', '2021-08-09 11:07:03', 'new', 1, '2021-08-09 10:37:03', '2021-08-09 10:37:03'),
(9, 17, 2, 10, 0, 0, 10, NULL, '2021-08-09 10:38:45', '2021-08-09 11:08:45', 'new', 1, '2021-08-09 10:38:45', '2021-08-09 10:38:45'),
(10, 34, 2, 10, 0, 0, 10, NULL, '2021-08-09 12:15:30', '2021-08-09 12:45:30', 'new', 1, '2021-08-09 12:15:30', '2021-08-09 12:15:30'),
(11, 41, 2, 140, 0, 0, 140, NULL, '2021-08-10 05:45:59', '2021-08-10 06:15:59', 'new', 1, '2021-08-10 05:45:59', '2021-08-10 05:45:59'),
(12, 41, 2, 100, 0, 0, 100, NULL, '2021-08-10 10:03:13', '2021-08-10 10:33:13', 'new', 1, '2021-08-10 10:03:13', '2021-08-10 10:03:13');

-- --------------------------------------------------------

--
-- Table structure for table `order_add_ons`
--

CREATE TABLE `order_add_ons` (
  `id` bigint(20) UNSIGNED NOT NULL,
  `order_id` bigint(20) UNSIGNED DEFAULT NULL,
  `add_on_id` bigint(20) UNSIGNED DEFAULT NULL,
  `created_at` timestamp NULL DEFAULT NULL,
  `updated_at` timestamp NULL DEFAULT NULL
) ENGINE=InnoDB DEFAULT CHARSET=utf8mb4 COLLATE=utf8mb4_unicode_ci;

--
-- Dumping data for table `order_add_ons`
--

INSERT INTO `order_add_ons` (`id`, `order_id`, `add_on_id`, `created_at`, `updated_at`) VALUES
(2, 6, 2, '2021-08-09 10:29:33', '2021-08-09 10:29:33'),
(3, 6, 3, '2021-08-09 10:29:33', '2021-08-09 10:29:33'),
(4, 6, 4, '2021-08-09 10:29:33', '2021-08-09 10:29:33'),
(5, 11, 2, '2021-08-10 05:45:59', '2021-08-10 05:45:59'),
(6, 11, 3, '2021-08-10 05:45:59', '2021-08-10 05:45:59'),
(7, 11, 4, '2021-08-10 05:45:59', '2021-08-10 05:45:59'),
(8, 12, 2, '2021-08-10 10:03:13', '2021-08-10 10:03:13'),
(9, 12, 3, '2021-08-10 10:03:13', '2021-08-10 10:03:13');

-- --------------------------------------------------------

--
-- Table structure for table `order_details`
--

CREATE TABLE `order_details` (
  `id` bigint(20) UNSIGNED NOT NULL,
  `son_id` bigint(20) UNSIGNED DEFAULT NULL,
  `order_id` bigint(20) UNSIGNED DEFAULT NULL,
  `ticket_id` bigint(20) UNSIGNED DEFAULT NULL,
  `created_at` timestamp NULL DEFAULT NULL,
  `updated_at` timestamp NULL DEFAULT NULL
) ENGINE=InnoDB DEFAULT CHARSET=utf8mb4 COLLATE=utf8mb4_unicode_ci;

--
-- Dumping data for table `order_details`
--

INSERT INTO `order_details` (`id`, `son_id`, `order_id`, `ticket_id`, `created_at`, `updated_at`) VALUES
(3, 35, 6, 3, '2021-08-09 10:29:33', '2021-08-09 10:29:33'),
(4, 36, 6, 3, '2021-08-09 10:29:33', '2021-08-09 10:29:33'),
(5, 37, 6, 3, '2021-08-09 10:29:33', '2021-08-09 10:29:33'),
(6, 18, 8, 2, '2021-08-09 10:37:03', '2021-08-09 10:37:03'),
(7, 19, 8, 2, '2021-08-09 10:37:03', '2021-08-09 10:37:03'),
(8, 20, 8, 2, '2021-08-09 10:37:03', '2021-08-09 10:37:03'),
(9, 38, 8, 2, '2021-08-09 10:37:03', '2021-08-09 10:37:03'),
(10, 39, 8, 2, '2021-08-09 10:37:03', '2021-08-09 10:37:03'),
(11, 40, 8, 2, '2021-08-09 10:37:03', '2021-08-09 10:37:03'),
(12, 18, 9, 2, '2021-08-09 10:38:45', '2021-08-09 10:38:45'),
(13, 19, 9, 2, '2021-08-09 10:38:46', '2021-08-09 10:38:46'),
(14, 20, 9, 2, '2021-08-09 10:38:46', '2021-08-09 10:38:46'),
(15, 38, 9, 2, '2021-08-09 10:38:46', '2021-08-09 10:38:46'),
(16, 39, 9, 2, '2021-08-09 10:38:46', '2021-08-09 10:38:46'),
(17, 40, 9, 2, '2021-08-09 10:38:46', '2021-08-09 10:38:46'),
(18, 35, 10, 2, '2021-08-09 12:15:30', '2021-08-09 12:15:30'),
(19, 36, 10, 2, '2021-08-09 12:15:30', '2021-08-09 12:15:30'),
(20, 37, 10, 2, '2021-08-09 12:15:31', '2021-08-09 12:15:31'),
(21, 42, 11, 2, '2021-08-10 05:45:59', '2021-08-10 05:45:59'),
(22, 43, 11, 2, '2021-08-10 05:45:59', '2021-08-10 05:45:59'),
(23, 42, 12, 2, '2021-08-10 10:03:13', '2021-08-10 10:03:13'),
(24, 43, 12, 2, '2021-08-10 10:03:13', '2021-08-10 10:03:13');

-- --------------------------------------------------------

--
-- Table structure for table `password_resets`
--

CREATE TABLE `password_resets` (
  `email` varchar(191) COLLATE utf8mb4_unicode_ci NOT NULL,
  `token` varchar(191) COLLATE utf8mb4_unicode_ci NOT NULL,
  `created_at` timestamp NULL DEFAULT NULL
) ENGINE=InnoDB DEFAULT CHARSET=utf8mb4 COLLATE=utf8mb4_unicode_ci;

-- --------------------------------------------------------

--
-- Table structure for table `permissions`
--

CREATE TABLE `permissions` (
  `id` bigint(20) UNSIGNED NOT NULL,
  `parent_id` bigint(20) UNSIGNED DEFAULT NULL,
  `name` varchar(191) COLLATE utf8mb4_unicode_ci DEFAULT NULL COMMENT 'اسم الصلاحية',
  `ar_name` varchar(191) COLLATE utf8mb4_unicode_ci DEFAULT NULL COMMENT 'اسم باللغة العربية',
  `type_order` varchar(191) COLLATE utf8mb4_unicode_ci DEFAULT NULL COMMENT 'ترتيب الصلاحية',
  `type_name` varchar(191) COLLATE utf8mb4_unicode_ci DEFAULT NULL COMMENT 'اسم القسم',
  `ar_type_name` varchar(191) COLLATE utf8mb4_unicode_ci DEFAULT NULL COMMENT ' اسم القسم بالعربية',
  `sub_type_name` varchar(191) COLLATE utf8mb4_unicode_ci DEFAULT NULL COMMENT ' اسم القسم الفرعى',
  `ar_sub_type_name` varchar(191) COLLATE utf8mb4_unicode_ci DEFAULT NULL COMMENT ' اسم القسم القسم بالإنجليزية',
  `level` enum('parent','child','sub_child') COLLATE utf8mb4_unicode_ci DEFAULT NULL COMMENT ' الدرجة',
  `class_name` varchar(191) COLLATE utf8mb4_unicode_ci DEFAULT NULL,
  `guard_name` varchar(191) COLLATE utf8mb4_unicode_ci DEFAULT NULL,
  `created_at` timestamp NULL DEFAULT NULL,
  `updated_at` timestamp NULL DEFAULT NULL
) ENGINE=InnoDB DEFAULT CHARSET=utf8mb4 COLLATE=utf8mb4_unicode_ci;

--
-- Dumping data for table `permissions`
--

INSERT INTO `permissions` (`id`, `parent_id`, `name`, `ar_name`, `type_order`, `type_name`, `ar_type_name`, `sub_type_name`, `ar_sub_type_name`, `level`, `class_name`, `guard_name`, `created_at`, `updated_at`) VALUES
(1, NULL, 'settingIndex', ' قسم الإعدادت العامة', '1', NULL, NULL, NULL, NULL, 'parent', NULL, 'web', '2021-07-26 05:31:18', '2021-07-29 10:30:13'),
(2, 1, 'editGeneralSetting', 'البيانات العامة', '1', NULL, NULL, NULL, NULL, 'child', NULL, 'web', '2021-01-25 05:55:37', '2021-07-29 10:30:13'),
(3, 2, 'saveGeneralSettings', 'حفظ البيانات العامة', '2', NULL, NULL, NULL, NULL, 'sub_child', NULL, 'web', '2021-01-25 05:55:37', '2021-07-29 10:30:13'),
(9, 1, 'users index', ' المستخدمين', '1', NULL, NULL, NULL, NULL, 'child', NULL, 'web', '2021-01-25 05:55:37', '2021-07-29 10:30:13'),
(10, 9, 'usersAdding', 'اضافة مستخدم جديد', '1', NULL, NULL, NULL, NULL, 'sub_child', NULL, 'web', '2021-01-25 05:55:37', '2021-07-29 10:30:13'),
(11, 9, 'usersEditing', 'تعديل بيانات مستخدم', '2', NULL, NULL, NULL, NULL, 'sub_child', NULL, 'web', '2021-01-25 05:55:37', '2021-07-29 10:30:13'),
(12, 9, 'usersSingleDeleting', 'حذف مستخدم', '3', NULL, NULL, NULL, NULL, 'sub_child', NULL, 'web', '2021-01-25 05:55:37', '2021-07-29 10:30:13'),
(13, 9, 'usersMultiDeleting', 'حذف أكثر من مستخدم', '4', NULL, NULL, NULL, NULL, 'sub_child', NULL, 'web', '2021-01-25 05:55:37', '2021-07-29 10:30:13'),
(14, 9, 'usersIsBlocking', 'تفعيل\\عدم تفعيل المستخدم', '5', NULL, NULL, NULL, NULL, 'sub_child', NULL, 'web', '2021-01-25 05:55:37', '2021-07-29 10:30:13'),
(15, 1, 'lists index', 'القوائم', '1', NULL, NULL, NULL, NULL, 'child', NULL, 'web', '2021-01-25 05:55:37', '2021-07-29 10:30:13'),
(16, 15, 'listsAdding', 'اضافة قائمة جديد', '1', NULL, NULL, NULL, NULL, 'sub_child', NULL, 'web', '2021-01-25 05:55:37', '2021-07-29 10:30:13'),
(17, 15, 'listsEditing', 'تعديل بيانات قائمة', '2', NULL, NULL, NULL, NULL, 'sub_child', NULL, 'web', '2021-01-25 05:55:37', '2021-07-29 10:30:13'),
(18, 1, 'moreSettingPermission', 'صلاحيات اضافية', '1', NULL, NULL, NULL, NULL, 'child', NULL, 'web', '2021-01-25 05:55:37', '2021-07-29 10:30:13'),
(19, 18, 'logs Index', 'أنشطة المستخدمين', '1', NULL, NULL, NULL, NULL, 'sub_child', NULL, 'web', '2021-01-25 05:55:37', '2021-07-29 10:30:13'),
(21, 1, 'user permission index', 'صلاحيات المستخدمين', '1', NULL, NULL, NULL, NULL, 'child', NULL, 'web', '2021-01-25 05:55:37', '2021-07-29 10:30:13'),
(22, 21, 'userPermissionAdding', 'اضافة صلاحيات لمستخدم', '1', NULL, NULL, NULL, NULL, 'sub_child', NULL, 'web', '2021-01-25 05:55:37', '2021-07-29 10:30:13'),
(23, 21, 'userPermissionsEditing', 'تعديل صلاحيات مستخدم', '2', NULL, NULL, NULL, NULL, 'sub_child', NULL, 'web', '2021-01-25 05:55:37', '2021-07-29 10:30:13'),
(24, 21, 'userPermissionSingleDeleting', 'حذف صلاحيات مستخدم', '3', NULL, NULL, NULL, NULL, 'sub_child', NULL, 'web', '2021-01-25 05:55:37', '2021-07-29 10:30:13'),
(25, 21, 'userPermissionMultiDeleting', 'حذف صلاحيات أكثر من مستخدم', '4', NULL, NULL, NULL, NULL, 'sub_child', NULL, 'web', '2021-01-25 05:55:37', '2021-07-29 10:30:13'),
(26, NULL, 'ReservationManagement', 'قسم ادارة الحجز', '1', NULL, NULL, NULL, NULL, 'parent', NULL, 'web', '2021-07-26 05:31:18', '2021-07-29 10:30:13'),
(27, 26, 'ticketIndex', 'التذاكر', '1', NULL, NULL, NULL, NULL, 'child', NULL, 'web', '2021-01-25 05:55:37', '2021-07-29 10:30:13'),
(28, 27, 'ticketAdding', 'اضافة تذكرة', '1', NULL, NULL, NULL, NULL, 'sub_child', NULL, 'web', '2021-01-25 05:55:37', '2021-07-29 10:30:13'),
(29, 27, 'ticketEditing', 'تعديل تذكرة', '2', NULL, NULL, NULL, NULL, 'sub_child', NULL, 'web', '2021-01-25 05:55:37', '2021-07-29 10:30:13'),
(30, 27, 'ticketSingleDeleting', 'حذف تذكرة', '3', NULL, NULL, NULL, NULL, 'sub_child', NULL, 'web', '2021-01-25 05:55:37', '2021-07-29 10:30:13'),
(31, 27, 'ticketMultiDeleting', 'حذف أكثر من تذكرة', '4', NULL, NULL, NULL, NULL, 'sub_child', NULL, 'web', '2021-01-25 05:55:37', '2021-07-29 10:30:13'),
(32, 27, 'ticketShowHidden', 'تفعيل أو اخفاء التذكرة', '5', NULL, NULL, NULL, NULL, 'sub_child', NULL, 'web', '2021-01-25 05:55:37', '2021-07-29 10:30:13'),
(33, 26, 'addOnsIndex', 'الإضافات', '1', NULL, NULL, NULL, NULL, 'child', NULL, 'web', '2021-01-25 05:55:37', '2021-07-29 10:30:13'),
(34, 33, 'addOnsAdding', 'اضافة الإضافة', '1', NULL, NULL, NULL, NULL, 'sub_child', NULL, 'web', '2021-01-25 05:55:37', '2021-07-29 10:30:13'),
(35, 33, 'addOnsEditing', 'تعديل الإضافة', '2', NULL, NULL, NULL, NULL, 'sub_child', NULL, 'web', '2021-01-25 05:55:37', '2021-07-29 10:30:13'),
(36, 33, 'addOnsSingleDeleting', 'حذف الإضافة', '3', NULL, NULL, NULL, NULL, 'sub_child', NULL, 'web', '2021-01-25 05:55:37', '2021-07-29 10:30:13'),
(37, 33, 'addOnsMultiDeleting', 'حذف أكثر من إضافة', '4', NULL, NULL, NULL, NULL, 'sub_child', NULL, 'web', '2021-01-25 05:55:37', '2021-07-29 10:30:13'),
(38, 33, 'addOnsShowHidden', 'تفعيل أو اخفاء الإضافة', '5', NULL, NULL, NULL, NULL, 'sub_child', NULL, 'web', '2021-01-25 05:55:37', '2021-07-29 10:30:13'),
(39, 26, 'ordersIndex', 'الطلبات', '1', NULL, NULL, NULL, NULL, 'child', NULL, 'web', '2021-01-25 05:55:37', '2021-07-29 10:30:13'),
(40, 39, 'ordersAdding', 'اضافة الطلب', '1', NULL, NULL, NULL, NULL, 'sub_child', NULL, 'web', '2021-01-25 05:55:37', '2021-07-29 10:30:13'),
(41, 39, 'ordersEditing', 'تعديل الطلب', '2', NULL, NULL, NULL, NULL, 'sub_child', NULL, 'web', '2021-01-25 05:55:37', '2021-07-29 10:30:13'),
(42, 39, 'ordersSingleDeleting', 'حذف الطلب', '3', NULL, NULL, NULL, NULL, 'sub_child', NULL, 'web', '2021-01-25 05:55:37', '2021-07-29 10:30:13'),
(43, 39, 'ordersMultiDeleting', 'حذف أكثر من طلب', '4', NULL, NULL, NULL, NULL, 'sub_child', NULL, 'web', '2021-01-25 05:55:37', '2021-07-29 10:30:13'),
(44, NULL, 'cashier', 'الكاشير', '1', NULL, NULL, NULL, NULL, 'parent', NULL, 'web', '2021-07-26 05:31:18', '2021-07-29 10:30:13'),
(45, 26, 'clientsIndex', 'العملاء', '1', NULL, NULL, NULL, NULL, 'child', NULL, 'web', '2021-01-25 05:55:37', '2021-07-29 10:30:13'),
(46, 45, 'clientsAdding', 'اضافة عميل', '1', NULL, NULL, NULL, NULL, 'sub_child', NULL, 'web', '2021-01-25 05:55:37', '2021-07-29 10:30:13'),
(47, 45, 'clientsEditing', 'تعديل عميل', '2', NULL, NULL, NULL, NULL, 'sub_child', NULL, 'web', '2021-01-25 05:55:37', '2021-07-29 10:30:13'),
(48, 45, 'clientsSingleDeleting', 'حذف عميل', '3', NULL, NULL, NULL, NULL, 'sub_child', NULL, 'web', '2021-01-25 05:55:37', '2021-07-29 10:30:13'),
(49, 45, 'clientsMultiDeleting', 'حذف أكثر من عميل', '4', NULL, NULL, NULL, NULL, 'sub_child', NULL, 'web', '2021-01-25 05:55:37', '2021-07-29 10:30:13');

-- --------------------------------------------------------

--
-- Table structure for table `roles`
--

CREATE TABLE `roles` (
  `id` bigint(20) UNSIGNED NOT NULL,
  `name` varchar(191) COLLATE utf8mb4_unicode_ci NOT NULL,
  `guard_name` varchar(191) COLLATE utf8mb4_unicode_ci NOT NULL,
  `created_at` timestamp NULL DEFAULT NULL,
  `updated_at` timestamp NULL DEFAULT NULL
) ENGINE=InnoDB DEFAULT CHARSET=utf8mb4 COLLATE=utf8mb4_unicode_ci;

-- --------------------------------------------------------

--
-- Table structure for table `role_has_permissions`
--

CREATE TABLE `role_has_permissions` (
  `permission_id` bigint(20) UNSIGNED NOT NULL,
  `role_id` bigint(20) UNSIGNED NOT NULL
) ENGINE=InnoDB DEFAULT CHARSET=utf8mb4 COLLATE=utf8mb4_unicode_ci;

-- --------------------------------------------------------

--
-- Table structure for table `settings`
--

CREATE TABLE `settings` (
  `id` bigint(20) UNSIGNED NOT NULL,
  `ar_title` varchar(191) COLLATE utf8mb4_unicode_ci DEFAULT NULL,
  `en_title` varchar(191) COLLATE utf8mb4_unicode_ci DEFAULT NULL,
  `ar_desc` longtext COLLATE utf8mb4_unicode_ci DEFAULT NULL,
  `en_desc` longtext COLLATE utf8mb4_unicode_ci DEFAULT NULL,
  `tax_number` varchar(191) COLLATE utf8mb4_unicode_ci DEFAULT NULL,
  `tax` double NOT NULL DEFAULT 1,
  `units` varchar(191) COLLATE utf8mb4_unicode_ci DEFAULT NULL,
  `start_fiscal_year` date DEFAULT NULL,
  `end_fiscal_year` date DEFAULT NULL,
  `email1` varchar(191) COLLATE utf8mb4_unicode_ci DEFAULT NULL,
  `email2` varchar(191) COLLATE utf8mb4_unicode_ci DEFAULT NULL,
  `phone1` varchar(191) COLLATE utf8mb4_unicode_ci DEFAULT NULL,
  `phone2` varchar(191) COLLATE utf8mb4_unicode_ci DEFAULT NULL,
  `address1` varchar(191) COLLATE utf8mb4_unicode_ci DEFAULT NULL,
  `address2` varchar(191) COLLATE utf8mb4_unicode_ci DEFAULT NULL,
  `latitude` varchar(191) COLLATE utf8mb4_unicode_ci DEFAULT NULL,
  `longitude` varchar(191) COLLATE utf8mb4_unicode_ci DEFAULT NULL,
  `header_logo` varchar(191) COLLATE utf8mb4_unicode_ci DEFAULT NULL,
  `footer_logo` varchar(191) COLLATE utf8mb4_unicode_ci DEFAULT NULL,
  `login_banner` varchar(191) COLLATE utf8mb4_unicode_ci DEFAULT NULL,
  `image_slider` varchar(191) COLLATE utf8mb4_unicode_ci DEFAULT NULL,
  `ar_footer_desc` longtext COLLATE utf8mb4_unicode_ci DEFAULT NULL,
  `en_footer_desc` longtext COLLATE utf8mb4_unicode_ci DEFAULT NULL,
  `company_profile_pdf` varchar(191) COLLATE utf8mb4_unicode_ci DEFAULT NULL,
  `terms_condition_link` varchar(191) COLLATE utf8mb4_unicode_ci DEFAULT NULL,
  `about_us_link` varchar(191) COLLATE utf8mb4_unicode_ci DEFAULT NULL,
  `privacy_policy_link` varchar(191) COLLATE utf8mb4_unicode_ci DEFAULT NULL,
  `fax` varchar(191) COLLATE utf8mb4_unicode_ci DEFAULT NULL,
  `android_app` varchar(191) COLLATE utf8mb4_unicode_ci DEFAULT NULL,
  `ios_app` varchar(191) COLLATE utf8mb4_unicode_ci DEFAULT NULL,
  `link` varchar(191) COLLATE utf8mb4_unicode_ci DEFAULT NULL,
  `sms_user_name` varchar(191) COLLATE utf8mb4_unicode_ci DEFAULT NULL,
  `sms_user_pass` varchar(191) COLLATE utf8mb4_unicode_ci DEFAULT NULL,
  `sms_sender` varchar(191) COLLATE utf8mb4_unicode_ci DEFAULT NULL,
  `publisher` varchar(191) COLLATE utf8mb4_unicode_ci DEFAULT NULL,
  `default_language` varchar(191) COLLATE utf8mb4_unicode_ci NOT NULL DEFAULT 'ar',
  `default_theme` varchar(191) COLLATE utf8mb4_unicode_ci DEFAULT NULL,
  `offer_muted` varchar(191) COLLATE utf8mb4_unicode_ci DEFAULT NULL,
  `offer_notification` int(11) NOT NULL DEFAULT 1,
  `facebook` varchar(191) COLLATE utf8mb4_unicode_ci DEFAULT NULL,
  `twitter` varchar(191) COLLATE utf8mb4_unicode_ci DEFAULT NULL,
  `instagram` varchar(191) COLLATE utf8mb4_unicode_ci DEFAULT NULL,
  `linkedin` varchar(191) COLLATE utf8mb4_unicode_ci DEFAULT NULL,
  `telegram` varchar(191) COLLATE utf8mb4_unicode_ci DEFAULT NULL,
  `youtube` varchar(191) COLLATE utf8mb4_unicode_ci DEFAULT NULL,
  `google_plus` varchar(191) COLLATE utf8mb4_unicode_ci DEFAULT NULL,
  `snapchat_ghost` varchar(191) COLLATE utf8mb4_unicode_ci DEFAULT NULL,
  `whatsapp` varchar(191) COLLATE utf8mb4_unicode_ci DEFAULT NULL,
  `ar_about_app` longtext COLLATE utf8mb4_unicode_ci DEFAULT NULL,
  `en_about_app` longtext COLLATE utf8mb4_unicode_ci DEFAULT NULL,
  `ar_terms_condition` longtext COLLATE utf8mb4_unicode_ci DEFAULT NULL,
  `en_terms_condition` longtext COLLATE utf8mb4_unicode_ci DEFAULT NULL,
  `privacy_policy` longtext COLLATE utf8mb4_unicode_ci DEFAULT NULL,
  `created_at` timestamp NULL DEFAULT NULL,
  `updated_at` timestamp NULL DEFAULT NULL
) ENGINE=InnoDB DEFAULT CHARSET=utf8mb4 COLLATE=utf8mb4_unicode_ci;

--
-- Dumping data for table `settings`
--

INSERT INTO `settings` (`id`, `ar_title`, `en_title`, `ar_desc`, `en_desc`, `tax_number`, `tax`, `units`, `start_fiscal_year`, `end_fiscal_year`, `email1`, `email2`, `phone1`, `phone2`, `address1`, `address2`, `latitude`, `longitude`, `header_logo`, `footer_logo`, `login_banner`, `image_slider`, `ar_footer_desc`, `en_footer_desc`, `company_profile_pdf`, `terms_condition_link`, `about_us_link`, `privacy_policy_link`, `fax`, `android_app`, `ios_app`, `link`, `sms_user_name`, `sms_user_pass`, `sms_sender`, `publisher`, `default_language`, `default_theme`, `offer_muted`, `offer_notification`, `facebook`, `twitter`, `instagram`, `linkedin`, `telegram`, `youtube`, `google_plus`, `snapchat_ghost`, `whatsapp`, `ar_about_app`, `en_about_app`, `ar_terms_condition`, `en_terms_condition`, `privacy_policy`, `created_at`, `updated_at`) VALUES
(1, 'Kids area', NULL, NULL, NULL, NULL, 1, NULL, NULL, NULL, 'mostafaelraw123@gmail.com', NULL, '0100223443', '0100223443', 'Unnamed Road, Al Giza Desert, Giza Governorate, Egypt', NULL, NULL, NULL, NULL, NULL, NULL, NULL, NULL, NULL, NULL, NULL, NULL, NULL, NULL, NULL, NULL, NULL, NULL, NULL, NULL, NULL, 'ar', NULL, NULL, 1, NULL, NULL, NULL, NULL, NULL, NULL, NULL, NULL, NULL, NULL, NULL, NULL, NULL, NULL, NULL, '2021-08-08 08:36:01');

-- --------------------------------------------------------

--
-- Table structure for table `tickets`
--

CREATE TABLE `tickets` (
  `id` bigint(20) UNSIGNED NOT NULL,
  `minutes_count` int(11) DEFAULT 0,
  `price` double DEFAULT 0,
  `image` varchar(191) COLLATE utf8mb4_unicode_ci DEFAULT NULL,
  `code` varchar(191) COLLATE utf8mb4_unicode_ci DEFAULT NULL,
  `is_shown` enum('shown','hidden') COLLATE utf8mb4_unicode_ci DEFAULT 'shown',
  `created_at` timestamp NULL DEFAULT NULL,
  `updated_at` timestamp NULL DEFAULT NULL
) ENGINE=InnoDB DEFAULT CHARSET=utf8mb4 COLLATE=utf8mb4_unicode_ci;

--
-- Dumping data for table `tickets`
--

INSERT INTO `tickets` (`id`, `minutes_count`, `price`, `image`, `code`, `is_shown`, `created_at`, `updated_at`) VALUES
(2, 30, 10, NULL, NULL, 'shown', '2021-08-09 06:26:27', '2021-08-09 06:26:27'),
(3, 60, 20, NULL, NULL, 'shown', '2021-08-09 06:26:41', '2021-08-09 06:26:41'),
(4, 90, 30, NULL, NULL, 'shown', '2021-08-09 06:26:58', '2021-08-09 06:26:58'),
(5, 120, 40, NULL, NULL, 'shown', '2021-08-09 06:27:22', '2021-08-09 06:27:22'),
(6, 150, 50, NULL, NULL, 'shown', '2021-08-10 10:14:05', '2021-08-10 10:14:22');

-- --------------------------------------------------------

--
-- Table structure for table `users`
--

CREATE TABLE `users` (
  `id` bigint(20) UNSIGNED NOT NULL,
  `name` varchar(191) COLLATE utf8mb4_unicode_ci DEFAULT NULL,
  `email` varchar(191) COLLATE utf8mb4_unicode_ci DEFAULT NULL,
  `phone` varchar(191) COLLATE utf8mb4_unicode_ci DEFAULT NULL,
  `user_name` varchar(191) COLLATE utf8mb4_unicode_ci DEFAULT NULL COMMENT 'اسم المستخدم',
  `password` varchar(191) COLLATE utf8mb4_unicode_ci DEFAULT NULL,
  `logo` varchar(191) COLLATE utf8mb4_unicode_ci DEFAULT NULL,
  `ip_address` varchar(191) COLLATE utf8mb4_unicode_ci DEFAULT NULL,
  `access_permission` enum('inside_only','outside') COLLATE utf8mb4_unicode_ci DEFAULT 'inside_only',
  `user_type` enum('admin','cashier') COLLATE utf8mb4_unicode_ci DEFAULT 'admin',
  `is_block` enum('blocked','not_blocked') COLLATE utf8mb4_unicode_ci DEFAULT 'not_blocked',
  `is_login` enum('connected','not_connected') COLLATE utf8mb4_unicode_ci DEFAULT 'not_connected',
  `logout_time` int(11) DEFAULT NULL,
  `forget_password_code` varchar(191) COLLATE utf8mb4_unicode_ci DEFAULT NULL,
  `email_verified_at` timestamp NULL DEFAULT NULL,
  `deleted_at` timestamp NULL DEFAULT NULL,
  `remember_token` varchar(100) COLLATE utf8mb4_unicode_ci DEFAULT NULL,
  `created_at` timestamp NULL DEFAULT NULL,
  `updated_at` timestamp NULL DEFAULT NULL
) ENGINE=InnoDB DEFAULT CHARSET=utf8mb4 COLLATE=utf8mb4_unicode_ci;

--
-- Dumping data for table `users`
--

INSERT INTO `users` (`id`, `name`, `email`, `phone`, `user_name`, `password`, `logo`, `ip_address`, `access_permission`, `user_type`, `is_block`, `is_login`, `logout_time`, `forget_password_code`, `email_verified_at`, `deleted_at`, `remember_token`, `created_at`, `updated_at`) VALUES
(1, 'admins manager', NULL, '01025130204', 'admin', '$2y$10$qj7l4yW.Ca6tCK6k3uLNXOS82jd.uNhgf2moPto1RKZIo0aOz79fS', 'users/png_avater.png_1628421684.png', NULL, 'inside_only', 'admin', 'not_blocked', 'not_connected', 1628598815, NULL, NULL, NULL, NULL, '2021-08-08 07:13:05', '2021-08-10 12:33:35'),
(5, 'كاشير', NULL, '0102513027770488', 'cashier', '$2y$10$3ZldZ4n7HNnyKXqfVQ4sq.QO.bVHL0CgKD4LG49/V1hRtwCbSVIs2', 'users/162841981095997.png', NULL, 'inside_only', 'cashier', 'blocked', 'connected', NULL, NULL, NULL, NULL, NULL, '2021-08-08 08:50:10', '2021-08-10 12:46:06');

--
-- Indexes for dumped tables
--

--
-- Indexes for table `activity_log`
--
ALTER TABLE `activity_log`
  ADD PRIMARY KEY (`id`),
  ADD KEY `subject` (`subject_type`,`subject_id`),
  ADD KEY `causer` (`causer_type`,`causer_id`),
  ADD KEY `activity_log_log_name_index` (`log_name`);

--
-- Indexes for table `add_ons`
--
ALTER TABLE `add_ons`
  ADD PRIMARY KEY (`id`);

--
-- Indexes for table `customers`
--
ALTER TABLE `customers`
  ADD PRIMARY KEY (`id`),
  ADD KEY `customers_parent_id_foreign` (`parent_id`),
  ADD KEY `customers_created_by_foreign` (`created_by`);

--
-- Indexes for table `dynamic_sliders`
--
ALTER TABLE `dynamic_sliders`
  ADD PRIMARY KEY (`id`),
  ADD KEY `dynamic_sliders_permission_id_foreign` (`permission_id`),
  ADD KEY `dynamic_sliders_parent_id_foreign` (`parent_id`);

--
-- Indexes for table `failed_jobs`
--
ALTER TABLE `failed_jobs`
  ADD PRIMARY KEY (`id`),
  ADD UNIQUE KEY `failed_jobs_uuid_unique` (`uuid`);

--
-- Indexes for table `migrations`
--
ALTER TABLE `migrations`
  ADD PRIMARY KEY (`id`);

--
-- Indexes for table `model_has_permissions`
--
ALTER TABLE `model_has_permissions`
  ADD PRIMARY KEY (`permission_id`,`model_id`,`model_type`),
  ADD KEY `model_has_permissions_model_id_model_type_index` (`model_id`,`model_type`);

--
-- Indexes for table `model_has_roles`
--
ALTER TABLE `model_has_roles`
  ADD PRIMARY KEY (`role_id`,`model_id`,`model_type`),
  ADD KEY `model_has_roles_model_id_model_type_index` (`model_id`,`model_type`);

--
-- Indexes for table `orders`
--
ALTER TABLE `orders`
  ADD PRIMARY KEY (`id`),
  ADD KEY `orders_customer_id_foreign` (`customer_id`),
  ADD KEY `orders_ticket_id_foreign` (`ticket_id`),
  ADD KEY `orders_created_by_foreign` (`created_by`);

--
-- Indexes for table `order_add_ons`
--
ALTER TABLE `order_add_ons`
  ADD PRIMARY KEY (`id`),
  ADD KEY `order_add_ons_order_id_foreign` (`order_id`),
  ADD KEY `order_add_ons_add_on_id_foreign` (`add_on_id`);

--
-- Indexes for table `order_details`
--
ALTER TABLE `order_details`
  ADD PRIMARY KEY (`id`),
  ADD KEY `order_details_son_id_foreign` (`son_id`),
  ADD KEY `order_details_order_id_foreign` (`order_id`),
  ADD KEY `order_details_ticket_id_foreign` (`ticket_id`);

--
-- Indexes for table `password_resets`
--
ALTER TABLE `password_resets`
  ADD KEY `password_resets_email_index` (`email`);

--
-- Indexes for table `permissions`
--
ALTER TABLE `permissions`
  ADD PRIMARY KEY (`id`),
  ADD KEY `permissions_parent_id_foreign` (`parent_id`);

--
-- Indexes for table `roles`
--
ALTER TABLE `roles`
  ADD PRIMARY KEY (`id`);

--
-- Indexes for table `role_has_permissions`
--
ALTER TABLE `role_has_permissions`
  ADD PRIMARY KEY (`permission_id`,`role_id`),
  ADD KEY `role_has_permissions_role_id_foreign` (`role_id`);

--
-- Indexes for table `settings`
--
ALTER TABLE `settings`
  ADD PRIMARY KEY (`id`);

--
-- Indexes for table `tickets`
--
ALTER TABLE `tickets`
  ADD PRIMARY KEY (`id`);

--
-- Indexes for table `users`
--
ALTER TABLE `users`
  ADD PRIMARY KEY (`id`);

--
-- AUTO_INCREMENT for dumped tables
--

--
-- AUTO_INCREMENT for table `activity_log`
--
ALTER TABLE `activity_log`
  MODIFY `id` bigint(20) UNSIGNED NOT NULL AUTO_INCREMENT, AUTO_INCREMENT=520;

--
-- AUTO_INCREMENT for table `add_ons`
--
ALTER TABLE `add_ons`
  MODIFY `id` bigint(20) UNSIGNED NOT NULL AUTO_INCREMENT, AUTO_INCREMENT=6;

--
-- AUTO_INCREMENT for table `customers`
--
ALTER TABLE `customers`
  MODIFY `id` bigint(20) UNSIGNED NOT NULL AUTO_INCREMENT, AUTO_INCREMENT=49;

--
-- AUTO_INCREMENT for table `dynamic_sliders`
--
ALTER TABLE `dynamic_sliders`
  MODIFY `id` bigint(20) UNSIGNED NOT NULL AUTO_INCREMENT, AUTO_INCREMENT=13;

--
-- AUTO_INCREMENT for table `failed_jobs`
--
ALTER TABLE `failed_jobs`
  MODIFY `id` bigint(20) UNSIGNED NOT NULL AUTO_INCREMENT;

--
-- AUTO_INCREMENT for table `migrations`
--
ALTER TABLE `migrations`
  MODIFY `id` int(10) UNSIGNED NOT NULL AUTO_INCREMENT, AUTO_INCREMENT=14;

--
-- AUTO_INCREMENT for table `orders`
--
ALTER TABLE `orders`
  MODIFY `id` bigint(20) UNSIGNED NOT NULL AUTO_INCREMENT, AUTO_INCREMENT=13;

--
-- AUTO_INCREMENT for table `order_add_ons`
--
ALTER TABLE `order_add_ons`
  MODIFY `id` bigint(20) UNSIGNED NOT NULL AUTO_INCREMENT, AUTO_INCREMENT=10;

--
-- AUTO_INCREMENT for table `order_details`
--
ALTER TABLE `order_details`
  MODIFY `id` bigint(20) UNSIGNED NOT NULL AUTO_INCREMENT, AUTO_INCREMENT=25;

--
-- AUTO_INCREMENT for table `permissions`
--
ALTER TABLE `permissions`
  MODIFY `id` bigint(20) UNSIGNED NOT NULL AUTO_INCREMENT, AUTO_INCREMENT=50;

--
-- AUTO_INCREMENT for table `roles`
--
ALTER TABLE `roles`
  MODIFY `id` bigint(20) UNSIGNED NOT NULL AUTO_INCREMENT;

--
-- AUTO_INCREMENT for table `settings`
--
ALTER TABLE `settings`
  MODIFY `id` bigint(20) UNSIGNED NOT NULL AUTO_INCREMENT, AUTO_INCREMENT=2;

--
-- AUTO_INCREMENT for table `tickets`
--
ALTER TABLE `tickets`
  MODIFY `id` bigint(20) UNSIGNED NOT NULL AUTO_INCREMENT, AUTO_INCREMENT=7;

--
-- AUTO_INCREMENT for table `users`
--
ALTER TABLE `users`
  MODIFY `id` bigint(20) UNSIGNED NOT NULL AUTO_INCREMENT, AUTO_INCREMENT=6;

--
-- Constraints for dumped tables
--

--
-- Constraints for table `customers`
--
ALTER TABLE `customers`
  ADD CONSTRAINT `customers_created_by_foreign` FOREIGN KEY (`created_by`) REFERENCES `users` (`id`) ON DELETE CASCADE,
  ADD CONSTRAINT `customers_parent_id_foreign` FOREIGN KEY (`parent_id`) REFERENCES `customers` (`id`) ON DELETE CASCADE;

--
-- Constraints for table `dynamic_sliders`
--
ALTER TABLE `dynamic_sliders`
  ADD CONSTRAINT `dynamic_sliders_parent_id_foreign` FOREIGN KEY (`parent_id`) REFERENCES `dynamic_sliders` (`id`) ON DELETE CASCADE,
  ADD CONSTRAINT `dynamic_sliders_permission_id_foreign` FOREIGN KEY (`permission_id`) REFERENCES `permissions` (`id`) ON DELETE CASCADE;

--
-- Constraints for table `model_has_permissions`
--
ALTER TABLE `model_has_permissions`
  ADD CONSTRAINT `model_has_permissions_permission_id_foreign` FOREIGN KEY (`permission_id`) REFERENCES `permissions` (`id`) ON DELETE CASCADE;

--
-- Constraints for table `model_has_roles`
--
ALTER TABLE `model_has_roles`
  ADD CONSTRAINT `model_has_roles_role_id_foreign` FOREIGN KEY (`role_id`) REFERENCES `roles` (`id`) ON DELETE CASCADE;

--
-- Constraints for table `orders`
--
ALTER TABLE `orders`
  ADD CONSTRAINT `orders_created_by_foreign` FOREIGN KEY (`created_by`) REFERENCES `users` (`id`) ON DELETE CASCADE,
  ADD CONSTRAINT `orders_customer_id_foreign` FOREIGN KEY (`customer_id`) REFERENCES `customers` (`id`) ON DELETE CASCADE,
  ADD CONSTRAINT `orders_ticket_id_foreign` FOREIGN KEY (`ticket_id`) REFERENCES `tickets` (`id`) ON DELETE CASCADE;

--
-- Constraints for table `order_add_ons`
--
ALTER TABLE `order_add_ons`
  ADD CONSTRAINT `order_add_ons_add_on_id_foreign` FOREIGN KEY (`add_on_id`) REFERENCES `add_ons` (`id`) ON DELETE CASCADE,
  ADD CONSTRAINT `order_add_ons_order_id_foreign` FOREIGN KEY (`order_id`) REFERENCES `orders` (`id`) ON DELETE CASCADE;

--
-- Constraints for table `order_details`
--
ALTER TABLE `order_details`
  ADD CONSTRAINT `order_details_order_id_foreign` FOREIGN KEY (`order_id`) REFERENCES `orders` (`id`) ON DELETE CASCADE,
  ADD CONSTRAINT `order_details_son_id_foreign` FOREIGN KEY (`son_id`) REFERENCES `customers` (`id`) ON DELETE CASCADE,
  ADD CONSTRAINT `order_details_ticket_id_foreign` FOREIGN KEY (`ticket_id`) REFERENCES `tickets` (`id`) ON DELETE CASCADE;

--
-- Constraints for table `permissions`
--
ALTER TABLE `permissions`
  ADD CONSTRAINT `permissions_parent_id_foreign` FOREIGN KEY (`parent_id`) REFERENCES `permissions` (`id`) ON DELETE CASCADE;

--
-- Constraints for table `role_has_permissions`
--
ALTER TABLE `role_has_permissions`
  ADD CONSTRAINT `role_has_permissions_permission_id_foreign` FOREIGN KEY (`permission_id`) REFERENCES `permissions` (`id`) ON DELETE CASCADE,
  ADD CONSTRAINT `role_has_permissions_role_id_foreign` FOREIGN KEY (`role_id`) REFERENCES `roles` (`id`) ON DELETE CASCADE;
COMMIT;

/*!40101 SET CHARACTER_SET_CLIENT=@OLD_CHARACTER_SET_CLIENT */;
/*!40101 SET CHARACTER_SET_RESULTS=@OLD_CHARACTER_SET_RESULTS */;
/*!40101 SET COLLATION_CONNECTION=@OLD_COLLATION_CONNECTION */;
